Date,ADANIPORTS,ASIANPAINT,AXISBANK,BAJAJ-AUTO,BAJFINANCE,BAJAJFINSV,BPCL,BHARTIARTL,INFRATEL,CIPLA,COALINDIA,DRREDDY,EICHERMOT,GAIL,GRASIM,HCLTECH,HDFCBANK,HEROMOTOCO,HINDALCO,HINDPETRO,HINDUNILVR,HDFC,ITC,ICICIBANK,IBULHSGFIN,IOC,INDUSINDBK,INFY,KOTAKBANK,LT,LUPIN,M&M,MARUTI,NTPC,ONGC,POWERGRID,RELIANCE,SBIN,SUNPHARMA,TCS,TATAMOTORS,TATASTEEL,TECHM,TITAN,UPL,ULTRACEMCO,VEDL,WIPRO,YESBANK,ZEEL
30-10-2017,429.8,1182.55,484.0,3282.2,1804.3,4994.85,536.25,492.9,429.7,626.05,288.9,2438.5,32371.05,475.7,1198.4,836.35,1815.0,3833.0,273.2,454.8,1234.2,1705.8,265.15,300.55,1261.1,416.25,1620.75,944.1,1028.9,1236.95,1025.95,1374.75,8195.25,182.6,186.6,212.4,942.5,312.0,553.1,2616.2,436.55,718.25,485.55,618.3,824.4,4472.25,340.95,293.25,314.85,549.0
31-10-2017,430.35,1180.85,523.15,3257.1,1800.6,5010.35,541.6,497.2,442.15,627.6,286.45,2428.15,32233.4,465.2,1227.1,855.8,1808.5,3849.9,267.4,447.15,1237.45,1707.4,265.7,300.1,1244.05,415.5,1627.15,921.85,1025.05,1222.3,1028.05,1344.8,8211.25,181.25,191.1,211.85,940.85,305.8,552.9,2624.0,428.4,703.8,482.05,635.25,799.3,4401.05,331.85,294.05,314.25,541.9
01-11-2017,433.1,1175.95,535.1,3239.75,1806.75,5022.6,539.8,539.1,426.55,626.75,286.55,2354.2,30929.8,468.05,1247.3,840.65,1821.2,3819.35,275.3,443.3,1258.0,1754.3,269.85,313.4,1245.5,416.8,1642.55,927.05,1024.35,1215.3,1028.15,1350.75,8238.4,180.75,191.0,210.35,952.55,319.85,548.7,2602.85,437.75,707.3,488.5,637.45,782.05,4426.3,343.35,293.55,318.8,535.8
02-11-2017,437.25,1178.4,532.15,3241.1,1810.2,4982.15,542.85,543.2,418.65,636.0,291.2,2411.4,31140.4,470.95,1293.45,857.9,1822.1,3735.85,270.8,445.35,1241.5,1762.25,265.65,316.65,1229.65,414.95,1627.5,922.9,1019.55,1210.95,1061.3,1335.35,8225.8,180.25,188.0,215.2,946.6,314.35,563.45,2626.15,434.9,706.1,467.95,655.15,779.3,4399.15,340.8,293.25,320.45,529.25
03-11-2017,434.85,1172.45,540.1,3217.45,1836.95,5032.6,533.1,541.25,413.75,640.1,286.55,2419.1,31235.1,463.85,1287.9,847.15,1830.7,3689.05,268.9,445.65,1239.5,1776.3,265.4,315.9,1219.05,413.25,1674.5,926.65,1015.5,1235.0,1047.7,1330.75,8219.4,181.95,191.85,210.05,945.3,325.0,551.25,2620.1,447.7,708.9,463.45,659.75,775.6,4375.1,338.1,294.55,325.95,538.95
06-11-2017,437.55,1162.35,534.5,3209.85,1822.0,5009.6,524.2,532.55,424.05,654.8,286.35,2392.25,31088.35,465.95,1286.6,845.05,1828.6,3688.85,272.95,434.05,1240.6,1790.2,264.9,316.1,1226.95,410.65,1648.0,928.7,1009.75,1224.7,1034.55,1366.15,8310.2,179.25,199.25,210.7,932.5,329.0,541.2,2665.55,462.9,706.8,460.45,783.7,761.9,4427.75,338.9,299.85,319.65,530.6
07-11-2017,431.55,1141.45,527.15,3161.65,1802.55,4981.0,521.4,514.35,427.05,607.55,284.65,2378.0,31159.85,463.5,1256.1,876.75,1823.7,3681.5,266.9,444.7,1234.2,1764.65,265.3,312.45,1195.2,400.2,1654.3,955.5,1013.3,1211.05,859.9,1353.75,8220.3,178.4,193.8,207.65,906.7,317.2,527.6,2710.05,451.85,693.2,470.5,753.8,739.8,4373.45,335.7,302.25,311.7,538.05
08-11-2017,429.7,1172.2,544.85,3189.05,1775.7,5022.7,520.2,495.3,435.15,622.6,288.05,2346.6,31195.3,457.25,1253.55,878.6,1825.95,3622.55,263.05,434.75,1235.3,1747.45,265.4,305.5,1195.7,397.0,1674.4,952.3,1011.4,1218.2,841.25,1367.0,8232.0,176.35,192.55,208.15,887.8,309.55,537.8,2735.0,438.2,693.15,489.9,743.3,735.95,4370.6,321.9,302.4,303.8,540.55
09-11-2017,433.4,1195.6,540.4,3200.0,1753.0,5006.75,522.15,504.25,429.2,614.55,283.25,2370.1,30853.3,451.1,1227.3,875.95,1827.85,3597.75,263.3,431.55,1252.9,1725.85,260.05,311.3,1235.0,394.6,1666.75,954.5,1005.35,1215.9,830.45,1361.3,8204.8,178.05,189.6,208.0,900.5,313.7,533.9,2736.4,440.15,703.4,490.25,777.9,744.55,4363.35,323.75,302.5,304.65,538.15
10-11-2017,432.05,1178.6,544.8,3253.35,1745.0,5027.45,512.1,503.45,426.75,609.3,284.35,2347.85,30551.65,457.1,1246.1,867.05,1822.0,3605.1,264.05,416.85,1290.65,1709.5,261.7,318.5,1225.05,394.85,1660.3,962.05,993.4,1264.95,833.3,1392.95,8183.5,176.55,191.1,211.35,883.85,333.55,527.85,2708.75,422.55,702.25,491.0,782.05,735.1,4450.85,323.85,302.65,304.05,542.75
13-11-2017,413.35,1174.95,537.35,3223.0,1728.75,4998.35,500.6,498.0,415.5,602.1,274.95,2344.1,30584.1,455.45,1225.0,869.5,1813.55,3579.9,260.9,420.1,1279.5,1670.3,258.3,314.25,1196.4,396.85,1659.2,951.95,994.7,1240.55,827.15,1411.2,8109.2,176.95,184.2,211.0,875.25,331.05,532.55,2758.95,418.1,691.05,490.1,765.1,739.65,4348.65,314.7,298.6,303.75,542.4
14-11-2017,410.75,1155.05,545.65,3266.55,1754.9,5014.4,493.05,498.15,396.95,602.45,274.15,2320.3,30089.55,456.05,1206.65,869.8,1802.35,3655.2,261.0,411.2,1283.9,1661.4,256.55,314.1,1193.0,386.95,1637.7,949.1,999.2,1210.2,835.0,1429.6,8122.95,177.05,182.0,206.95,886.7,329.1,526.05,2714.6,414.3,685.5,487.9,774.3,742.75,4361.4,308.95,298.5,302.55,542.15
15-11-2017,407.1,1181.55,542.0,3212.95,1713.8,4902.65,504.7,486.75,377.65,593.65,272.35,2310.15,30483.35,449.2,1178.8,848.35,1800.25,3671.8,251.85,413.8,1265.0,1650.9,253.3,315.5,1161.25,389.5,1597.35,951.8,1011.5,1209.5,823.65,1415.25,8127.25,174.2,177.55,207.0,883.7,324.95,504.65,2705.3,408.65,677.75,496.55,771.05,721.45,4306.7,295.5,296.5,300.95,540.2
16-11-2017,397.2,1179.55,542.6,3208.85,1764.25,4984.75,499.35,489.9,384.65,592.85,268.35,2333.55,30399.1,449.45,1160.05,851.9,1807.7,3657.0,254.7,412.5,1276.5,1664.4,255.1,318.95,1176.4,393.0,1603.9,988.4,1017.45,1219.3,829.0,1413.95,8163.7,176.45,179.15,208.3,903.85,333.4,508.55,2746.65,413.45,686.35,499.9,768.3,731.35,4273.1,301.3,297.65,301.3,539.35
17-11-2017,400.95,1171.3,542.4,3206.85,1787.35,5129.75,504.0,493.5,380.15,608.55,272.8,2322.6,30707.45,444.75,1176.9,840.0,1825.55,3631.15,258.85,414.8,1278.15,1705.5,258.0,325.1,1184.0,395.15,1631.9,970.95,1023.2,1222.8,829.55,1416.75,8348.35,177.55,177.6,208.6,911.9,337.5,517.1,2707.3,421.8,701.2,484.55,786.3,724.2,4267.05,307.6,295.15,306.1,535.5
20-11-2017,398.6,1166.35,545.15,3242.0,1805.25,5173.55,504.45,492.65,383.7,604.25,278.35,2274.45,30639.7,460.35,1182.45,842.15,1838.15,3658.6,261.45,415.55,1274.5,1689.2,259.2,318.55,1199.5,392.95,1649.3,960.55,1040.55,1229.8,826.15,1408.0,8425.65,180.45,180.0,208.8,920.85,333.0,517.15,2703.45,423.0,702.15,476.8,783.95,728.9,4181.3,313.9,294.35,313.35,532.7
21-11-2017,400.8,1160.3,546.8,3300.25,1809.75,5206.2,511.5,503.25,383.55,616.1,273.8,2394.15,30420.55,459.95,1168.65,837.7,1846.25,3678.75,261.45,418.7,1277.35,1694.5,255.8,319.9,1178.0,396.15,1648.6,966.25,1029.85,1222.65,837.45,1416.0,8424.8,182.95,180.9,206.6,932.55,330.65,538.05,2672.95,424.25,711.35,493.85,815.45,754.5,4163.4,312.9,294.0,312.3,540.25
22-11-2017,414.5,1174.3,540.5,3313.2,1773.95,5176.35,507.7,499.1,376.45,619.25,271.8,2360.65,30178.2,469.05,1194.2,842.15,1855.25,3661.3,257.75,419.5,1270.45,1718.15,258.15,318.9,1178.6,396.0,1627.35,966.3,1026.25,1222.7,827.4,1429.5,8513.15,181.85,181.3,207.05,930.75,335.3,535.25,2680.65,428.6,711.05,482.6,813.15,747.1,4230.4,309.45,294.3,309.75,562.05
23-11-2017,407.1,1159.6,544.15,3264.65,1763.65,5133.6,505.15,496.35,374.6,617.6,270.45,2306.25,30619.95,462.9,1209.45,853.7,1842.85,3677.35,255.25,424.95,1267.5,1704.6,258.15,319.45,1159.65,394.75,1643.35,991.25,1022.1,1215.95,827.35,1418.65,8463.4,180.4,181.7,209.05,947.0,334.95,544.75,2681.25,426.25,712.7,489.6,805.9,749.2,4185.15,308.8,293.55,313.25,565.1
24-11-2017,404.6,1159.6,545.5,3288.3,1790.0,5160.6,511.0,496.8,380.8,615.7,271.5,2295.05,30812.35,471.05,1201.6,858.4,1851.4,3653.25,251.65,430.3,1265.95,1711.05,260.75,317.2,1171.65,395.4,1676.3,1009.55,1030.35,1218.5,829.35,1434.1,8487.95,180.3,181.0,211.2,951.1,332.4,549.5,2688.05,425.5,708.45,494.1,829.3,744.05,4241.3,305.9,292.7,313.05,564.15
27-11-2017,399.5,1156.5,559.4,3271.4,1773.25,5151.85,508.45,498.0,386.6,614.8,271.65,2294.8,30755.7,467.45,1194.7,860.7,1857.55,3663.0,249.65,423.7,1260.3,1711.0,259.25,317.0,1181.2,392.6,1660.6,998.75,1036.45,1224.75,831.45,1431.0,8508.6,186.35,184.05,210.15,951.35,335.65,551.55,2685.85,421.4,702.55,498.75,832.6,755.3,4272.0,305.25,294.8,315.3,575.25
28-11-2017,396.95,1171.0,562.55,3289.15,1766.4,5240.2,507.6,492.0,377.85,611.8,274.35,2290.9,30536.55,462.5,1175.55,859.25,1865.35,3673.6,250.65,417.65,1267.85,1725.5,257.0,313.2,1200.05,390.6,1678.25,984.7,1029.85,1211.7,832.3,1435.0,8624.15,182.8,181.25,208.35,943.35,332.0,543.15,2685.3,415.95,703.85,499.7,818.1,761.7,4275.9,302.8,294.85,315.0,586.65
29-11-2017,403.45,1153.85,549.5,3315.9,1756.3,5305.6,507.8,495.75,384.15,607.9,276.3,2276.8,30220.25,462.15,1182.45,853.15,1873.3,3656.3,246.9,416.35,1276.15,1704.15,258.05,314.85,1200.8,393.7,1672.15,982.7,1026.25,1217.85,834.65,1433.4,8671.35,182.0,182.45,208.75,946.0,328.9,547.1,2658.15,413.95,709.3,496.55,818.1,752.3,4287.75,298.35,298.65,312.9,577.35
30-11-2017,398.0,1146.75,535.4,3305.5,1727.05,5214.1,503.85,496.45,383.7,600.9,275.8,2284.05,29944.05,468.4,1169.9,848.0,1853.7,3633.65,240.45,416.7,1272.45,1675.7,256.05,307.55,1205.85,393.5,1661.95,976.1,1000.3,1216.55,817.7,1406.55,8599.1,181.15,180.65,206.05,921.55,320.35,539.95,2637.0,404.15,694.15,489.25,818.9,731.35,4203.8,295.45,291.9,306.9,568.15
01-12-2017,386.75,1133.75,533.85,3216.9,1711.6,5098.85,496.4,484.15,385.95,598.1,272.05,2233.9,29280.95,455.8,1150.45,830.0,1848.2,3604.05,235.35,409.55,1250.5,1658.8,255.2,305.25,1144.75,387.85,1661.1,958.8,1005.15,1211.65,814.2,1409.4,8609.0,181.3,179.65,202.95,910.1,312.75,525.95,2629.95,398.9,680.9,472.9,805.25,729.9,4184.95,286.7,289.4,306.85,556.8
04-12-2017,388.15,1121.0,534.95,3198.7,1675.95,5056.8,496.2,484.3,376.5,596.7,265.9,2242.4,29403.7,463.15,1136.0,847.95,1834.1,3601.4,239.55,412.4,1268.6,1680.4,255.1,304.25,1175.45,390.55,1650.1,985.35,997.95,1217.5,814.45,1401.0,8500.8,180.2,181.6,202.75,901.6,313.6,520.75,2632.35,403.65,687.8,472.8,804.55,711.05,4110.05,290.05,289.95,303.2,566.2
05-12-2017,388.85,1115.0,533.15,3163.9,1707.4,5003.65,500.9,490.65,378.55,596.45,265.25,2209.35,28928.8,462.15,1115.85,848.0,1820.45,3520.55,240.05,412.0,1261.0,1679.5,253.85,305.25,1189.15,390.5,1665.4,984.35,999.85,1209.9,808.95,1388.2,8500.4,177.1,178.4,200.3,913.7,319.1,523.15,2635.55,402.25,675.7,465.4,792.6,698.75,4108.3,288.45,283.45,308.7,568.45
06-12-2017,385.75,1104.35,530.5,3109.55,1671.45,4964.65,490.95,483.45,370.35,596.45,265.1,2200.2,28157.8,456.05,1095.95,858.6,1803.3,3505.6,232.1,406.0,1275.6,1648.4,251.6,299.5,1173.15,388.75,1653.7,990.3,999.65,1191.25,809.35,1367.45,8612.4,175.65,175.85,200.25,926.65,312.4,511.35,2633.3,397.05,667.6,472.25,773.6,685.9,4037.4,281.8,282.5,306.45,569.75
07-12-2017,389.7,1144.4,534.05,3196.05,1676.3,5070.2,499.1,514.7,382.35,593.45,262.8,2196.35,28810.5,492.55,1119.65,863.5,1809.65,3551.1,237.2,412.65,1291.95,1655.55,253.35,305.8,1193.25,391.5,1652.35,999.8,1001.6,1218.4,818.9,1379.55,8882.4,180.3,177.05,202.3,931.55,316.4,510.35,2617.25,402.0,688.0,497.3,800.6,722.0,4081.85,285.65,281.2,310.5,572.95
08-12-2017,393.4,1135.5,542.5,3212.65,1702.25,5125.1,514.45,525.15,373.7,603.1,264.85,2185.45,28999.95,482.5,1134.05,870.45,1840.4,3519.55,239.7,428.45,1326.65,1682.95,262.2,310.75,1205.55,404.85,1671.05,1001.85,1009.0,1220.35,822.85,1388.15,9042.25,180.4,180.25,203.1,921.0,313.1,521.85,2601.5,411.15,697.8,496.1,810.95,728.05,4165.55,291.2,282.9,312.7,563.0
11-12-2017,391.75,1125.85,545.1,3210.85,1707.8,5106.3,514.2,532.7,368.05,603.65,269.85,2192.9,29247.9,481.2,1133.95,880.0,1846.4,3514.85,238.1,432.55,1324.05,1709.95,266.25,311.45,1198.6,404.4,1670.1,1005.3,1008.5,1221.85,839.15,1418.25,9133.8,178.35,178.9,204.3,916.15,318.4,529.6,2661.1,410.15,699.55,500.65,820.6,745.55,4240.55,291.35,289.4,311.6,568.0
12-12-2017,402.5,1117.4,538.6,3165.7,1699.25,5109.7,498.95,523.85,355.4,591.65,263.4,2256.35,28598.65,491.9,1119.35,875.2,1819.9,3441.7,237.95,414.95,1314.65,1710.8,261.55,307.6,1190.0,395.1,1650.25,1010.5,1000.4,1202.9,846.8,1419.15,9131.35,175.9,183.3,202.9,915.6,318.45,520.85,2612.15,406.85,689.85,501.2,822.4,730.45,4222.5,293.15,287.8,306.8,568.95
13-12-2017,394.0,1116.55,535.75,3151.3,1671.8,5056.15,506.3,517.35,357.7,578.15,263.15,2260.7,28721.25,491.8,1118.65,866.35,1821.35,3419.45,234.45,423.35,1315.05,1696.7,259.0,302.95,1181.05,402.2,1647.4,1003.75,1014.9,1189.25,845.25,1412.5,9120.65,176.05,183.9,200.5,914.65,313.3,516.85,2628.4,401.95,680.85,503.6,818.95,726.05,4274.35,283.55,287.2,301.9,567.05
14-12-2017,395.1,1123.45,541.45,3162.8,1685.85,5116.25,513.55,520.3,356.65,590.45,262.85,2310.65,28738.7,487.1,1143.3,882.85,1838.05,3460.55,236.4,437.25,1321.6,1704.5,264.25,304.35,1186.25,410.0,1650.35,1013.1,1024.65,1188.8,852.8,1431.6,9112.75,177.3,184.35,200.1,921.5,314.0,514.4,2557.8,402.4,685.75,514.25,816.25,719.6,4268.2,284.55,288.6,303.9,567.75
15-12-2017,401.35,1118.7,547.95,3198.8,1729.6,5170.35,523.05,517.95,354.5,576.45,271.0,2371.5,29478.7,485.65,1139.6,891.8,1873.45,3503.0,242.75,443.8,1324.55,1723.0,264.6,303.15,1205.5,413.15,1677.05,1022.9,1030.1,1203.55,860.3,1483.4,9165.9,177.45,183.0,198.85,919.75,312.25,518.35,2545.6,405.1,694.7,500.75,832.85,717.8,4311.8,298.0,289.7,315.9,571.5
18-12-2017,404.6,1137.15,548.65,3226.75,1756.85,5210.6,526.4,526.25,357.75,591.65,267.65,2395.0,29909.4,496.0,1130.15,885.0,1878.95,3535.35,249.65,437.8,1331.75,1719.95,263.2,308.9,1198.65,409.6,1678.6,1016.6,1023.2,1217.9,867.15,1521.45,9309.1,177.75,183.05,199.9,921.0,318.9,529.8,2580.5,405.8,704.7,494.0,840.1,710.05,4309.9,308.4,295.8,311.15,574.35
19-12-2017,405.8,1137.7,553.65,3319.8,1757.75,5279.5,533.05,536.6,362.5,603.9,267.6,2399.5,30823.35,496.55,1136.85,869.45,1884.5,3701.0,254.3,436.35,1349.7,1709.15,264.25,313.7,1202.2,409.9,1670.05,1003.95,1021.35,1219.9,867.05,1556.3,9801.5,180.05,185.2,202.6,925.95,319.8,527.5,2575.3,420.1,710.2,495.35,868.35,738.0,4360.5,316.25,292.4,312.25,578.85
20-12-2017,404.4,1135.5,554.5,3301.2,1770.4,5312.7,532.05,528.9,364.25,600.65,269.45,2356.0,30174.6,499.4,1123.15,869.85,1868.15,3749.2,258.35,431.45,1362.65,1693.7,263.3,315.8,1194.8,410.1,1660.9,1015.85,1012.7,1232.5,874.3,1541.75,9733.9,178.45,188.0,202.95,918.15,317.5,527.25,2588.95,422.6,702.8,492.95,862.95,736.7,4333.1,317.25,296.5,311.7,580.55
21-12-2017,402.3,1137.9,548.95,3289.45,1748.05,5353.35,535.1,524.1,361.6,599.8,267.9,2351.75,30248.5,501.5,1128.3,890.25,1868.3,3805.95,263.3,426.8,1348.45,1701.9,263.05,315.45,1192.85,410.95,1656.2,1022.05,1010.55,1258.8,878.85,742.2,9631.05,180.1,188.0,203.1,912.95,316.75,528.2,2595.7,420.8,714.6,490.65,858.45,730.95,4332.75,317.15,297.75,310.45,574.35
22-12-2017,402.15,1138.0,553.6,3328.95,1782.45,5428.15,535.15,528.55,363.95,601.2,265.9,2332.7,30250.75,503.1,1134.15,886.9,1876.65,3792.8,267.85,429.3,1356.5,1709.35,263.1,316.6,1193.4,410.25,1651.85,1039.35,1010.05,1266.15,871.65,746.2,9700.0,179.75,193.4,203.05,920.4,319.85,530.95,2646.75,422.0,711.2,493.45,856.85,731.6,4288.9,316.55,301.6,310.15,574.55
26-12-2017,404.55,1150.75,555.0,3369.0,1789.5,5403.55,538.9,542.95,369.6,611.75,263.75,2360.3,30251.15,509.65,1145.55,888.45,1868.35,3813.8,268.65,430.5,1348.1,1713.2,264.15,318.15,1199.6,409.95,1664.2,1035.6,1016.25,1269.7,872.2,741.55,9679.0,178.45,193.7,202.45,929.8,317.15,541.3,2649.45,424.2,721.65,493.4,854.8,735.55,4340.35,321.95,302.9,315.5,581.9
27-12-2017,404.2,1149.05,554.6,3339.05,1770.95,5326.3,533.4,534.65,367.5,612.65,262.55,2400.3,30190.65,508.1,1140.15,883.65,1856.75,3786.65,265.75,425.85,1352.45,1707.9,262.15,312.8,1192.65,401.5,1651.1,1034.25,1014.05,1257.85,875.1,746.75,9644.1,177.5,192.6,201.2,923.75,314.85,576.3,2619.9,422.45,723.45,503.0,849.05,740.35,4277.7,326.2,306.6,315.15,587.35
28-12-2017,398.7,1144.4,546.85,3295.15,1755.15,5305.75,526.2,531.35,368.15,606.05,263.15,2430.0,29832.45,511.2,1129.2,878.3,1878.05,3716.65,275.25,422.65,1354.5,1696.15,261.85,315.3,1197.9,392.0,1650.45,1033.25,1004.75,1252.75,880.55,749.95,9629.2,176.15,193.0,199.15,924.2,308.4,568.4,2626.95,418.6,736.25,497.05,851.7,763.3,4276.45,332.7,308.0,313.5,585.85
29-12-2017,405.65,1158.5,563.95,3333.6,1756.7,5230.4,517.7,529.65,378.75,608.5,262.95,2414.2,30340.85,499.65,1165.75,890.5,1872.4,3785.15,273.55,418.6,1367.85,1710.4,263.25,314.0,1196.6,388.55,1648.9,1042.05,1010.2,1258.25,885.1,751.1,9729.55,177.0,195.2,200.35,921.05,309.9,571.15,2701.2,431.85,732.4,504.05,858.15,762.7,4320.6,329.9,314.25,315.15,581.8
01-01-2018,399.65,1143.65,565.5,3289.25,1725.65,5171.85,508.6,527.9,369.95,611.5,266.65,2404.15,29893.15,498.65,1143.95,878.7,1854.5,3749.1,271.15,413.75,1344.5,1683.75,262.3,310.3,1218.15,389.95,1623.85,1033.55,999.95,1260.7,883.25,744.65,9651.9,176.55,192.35,200.2,909.75,307.1,574.05,2645.6,424.45,722.2,503.1,852.45,755.75,4256.05,325.45,316.55,312.6,579.2
02-01-2018,397.4,1142.75,559.5,3294.75,1724.65,5101.1,499.8,516.55,378.8,607.8,270.05,2409.2,28670.15,494.35,1139.55,892.8,1872.35,3743.85,271.9,406.4,1338.6,1703.25,260.75,309.7,1183.55,386.4,1643.95,1029.7,1003.2,1249.75,875.15,752.9,9554.05,178.9,196.85,200.75,911.15,303.25,572.15,2631.2,439.3,729.3,513.95,845.15,773.45,4252.3,327.75,318.7,311.65,578.15
03-01-2018,407.65,1141.9,560.45,3241.05,1715.3,5099.45,494.9,518.2,378.65,606.8,271.85,2339.0,28814.35,490.1,1127.2,897.3,1852.65,3755.2,276.5,410.95,1350.35,1700.8,261.15,315.0,1185.65,386.3,1630.25,1021.3,1000.1,1275.3,878.95,754.9,9416.6,177.05,193.45,201.65,914.8,302.85,569.05,2638.65,433.9,734.95,519.45,856.3,775.8,4301.95,332.5,309.95,315.85,579.75
04-01-2018,409.85,1172.05,559.9,3264.45,1754.0,5062.55,491.5,523.0,379.05,616.75,277.8,2410.8,28570.75,496.7,1170.3,893.1,1859.9,3738.9,279.8,418.85,1352.25,1703.2,261.55,314.7,1183.95,387.3,1646.6,1015.4,1000.4,1315.7,878.15,756.0,9386.25,177.1,199.5,200.35,920.3,308.5,581.2,2657.1,429.95,760.25,522.55,892.9,781.65,4345.5,339.1,311.65,317.1,580.0
05-01-2018,423.8,1185.25,563.25,3279.85,1814.5,5127.2,487.7,540.0,372.6,615.15,278.75,2473.4,29237.0,494.4,1214.2,900.05,1863.6,3744.65,276.4,415.0,1356.55,1725.2,262.9,312.9,1198.95,383.85,1698.2,1012.0,1003.05,1314.9,900.15,756.35,9433.85,177.5,198.45,201.25,923.25,306.35,578.75,2689.2,431.6,770.7,525.45,909.7,774.2,4395.8,339.55,309.55,332.85,586.85
08-01-2018,422.9,1182.0,565.45,3275.75,1836.85,5221.25,497.2,516.35,374.4,615.05,287.45,2476.6,29197.4,497.4,1203.0,900.5,1860.6,3786.75,276.15,421.15,1368.4,1740.95,265.6,314.15,1225.3,388.55,1719.9,1036.05,1006.1,1338.25,923.3,759.9,9448.95,177.65,197.4,200.55,928.55,305.8,591.6,2714.4,433.55,768.75,536.3,926.1,784.35,4425.3,340.25,311.15,333.6,593.9
09-01-2018,421.1,1193.05,565.3,3243.5,1819.5,5156.4,496.1,509.8,368.4,615.6,304.05,2457.8,28596.95,500.95,1237.5,893.85,1863.7,3749.45,271.5,417.25,1361.3,1735.05,270.55,312.6,1216.8,392.4,1725.05,1041.35,1009.75,1332.75,923.25,762.45,9383.55,176.7,197.0,201.0,940.95,304.3,586.5,2709.0,437.55,772.3,533.85,932.95,790.6,4426.85,337.7,317.2,341.35,580.05
10-01-2018,423.45,1177.4,562.8,3207.4,1802.2,5199.55,494.3,506.4,370.8,619.75,308.3,2425.8,28097.5,496.1,1235.5,915.85,1864.2,3736.9,268.8,424.55,1365.8,1726.45,269.4,312.0,1204.2,389.55,1734.1,1052.25,1002.25,1323.75,925.8,759.85,9375.85,173.95,197.9,199.85,942.35,301.1,585.1,2806.6,433.3,772.85,542.1,917.6,778.85,4403.2,334.8,326.7,339.8,580.5
11-01-2018,425.5,1188.95,558.75,3193.4,1780.35,5146.4,492.4,514.75,367.75,612.35,308.1,2425.35,28444.7,495.5,1244.0,916.9,1872.55,3705.65,267.75,420.95,1378.65,1741.35,269.8,309.5,1228.65,388.9,1700.3,1075.8,1017.65,1323.55,929.2,766.65,9339.8,173.5,197.9,197.85,937.75,302.2,587.95,2790.5,434.75,770.95,551.7,906.9,786.2,4406.1,333.9,321.1,343.15,580.0
12-01-2018,423.3,1189.7,555.1,3175.35,1770.1,5057.3,489.9,509.55,374.8,612.1,309.0,2447.65,28649.75,501.15,1221.65,925.9,1865.3,3687.35,268.85,425.9,1374.0,1760.95,267.55,317.7,1224.6,389.05,1705.25,1078.45,1023.35,1329.15,919.1,767.5,9459.15,172.5,200.75,196.35,949.0,302.25,583.45,2776.35,437.1,770.25,550.75,903.8,775.35,4405.5,339.55,318.8,340.9,591.0
15-01-2018,420.6,1204.05,560.55,3166.0,1738.15,5010.35,487.2,504.5,370.5,610.25,305.9,2431.75,27981.5,489.25,1242.85,909.25,1897.75,3628.8,266.7,426.05,1367.2,1871.2,267.6,329.3,1225.15,390.85,1682.4,1081.15,1038.35,1325.95,916.55,759.2,9358.45,172.95,196.6,199.3,949.15,302.6,576.45,2746.1,432.35,783.5,543.75,918.25,774.35,4520.15,339.2,315.0,336.0,606.15
16-01-2018,423.55,1188.75,563.2,3160.05,1687.35,4956.8,479.45,497.25,367.95,601.4,291.6,2468.7,27891.2,478.4,1229.0,949.25,1900.15,3586.1,260.55,410.4,1382.0,1845.95,261.7,334.1,1204.9,384.15,1664.6,1122.85,1033.25,1326.2,906.75,746.7,9322.05,173.25,197.2,196.2,922.95,296.15,577.7,2850.85,421.9,765.75,557.65,889.4,766.85,4545.1,330.15,331.95,334.85,613.4
17-01-2018,433.4,1193.75,585.2,3194.15,1701.2,4964.9,479.85,499.9,366.1,607.15,290.95,2491.85,28222.85,480.55,1248.0,952.85,1890.5,3566.85,262.75,420.3,1371.2,1858.35,266.05,343.25,1209.35,384.05,1657.45,1152.1,1027.1,1353.35,919.35,745.35,9313.9,174.25,195.7,197.4,924.5,307.1,583.75,2888.95,422.95,774.0,554.9,893.1,780.75,4544.25,334.9,325.7,342.4,593.1
18-01-2018,416.25,1188.25,584.8,3201.2,1660.7,4922.6,470.25,495.0,343.8,603.65,283.05,2461.5,27954.4,468.5,1217.6,954.25,1934.3,3593.35,253.9,411.75,1356.95,1896.8,273.4,346.15,1243.7,378.05,1680.1,1152.7,1046.5,1360.8,921.05,759.25,9368.7,172.15,194.1,197.0,919.7,303.25,576.7,2918.2,418.95,751.75,552.65,885.85,800.5,4408.65,326.7,325.35,341.2,595.85
19-01-2018,433.45,1189.9,590.25,3210.4,1701.9,4973.05,477.3,497.9,346.05,602.75,284.0,2490.35,28009.45,468.75,1223.55,958.3,1952.2,3589.75,258.0,416.2,1362.45,1901.25,274.55,353.6,1301.8,385.95,1684.0,1143.45,1060.55,1371.45,924.1,765.4,9323.95,172.75,193.7,196.1,931.3,309.25,572.1,2959.3,418.05,753.0,552.9,891.45,802.35,4300.0,331.65,328.95,349.35,600.35
22-01-2018,438.05,1176.0,611.55,3274.5,1706.35,5051.45,469.15,490.7,343.5,601.15,285.05,2496.55,27649.8,457.4,1239.3,966.35,1963.35,3602.95,255.1,401.8,1355.1,1872.0,273.65,351.5,1355.15,382.5,1683.2,1150.0,1074.1,1398.85,930.05,759.6,9310.1,172.4,200.7,195.3,971.5,306.5,576.15,3116.4,421.9,752.2,569.5,909.75,813.6,4330.0,326.95,321.55,355.35,608.85
23-01-2018,438.4,1169.9,620.1,3295.95,1708.7,5014.6,481.15,492.1,339.4,622.35,293.1,2520.4,27071.25,470.8,1223.4,995.35,1951.3,3630.0,264.95,395.9,1368.35,1884.65,276.6,362.3,1379.1,389.4,1723.35,1177.1,1075.45,1410.7,937.35,769.05,9393.4,172.7,207.35,195.85,983.25,318.1,579.35,3102.0,418.0,779.75,588.25,905.7,807.25,4374.7,343.5,315.25,359.55,597.15
24-01-2018,448.75,1151.05,607.95,3341.55,1739.15,5014.45,480.5,459.5,342.3,618.3,294.55,2559.4,26404.05,484.95,1200.05,1018.45,1957.65,3645.5,258.7,389.15,1365.9,1911.2,281.45,352.75,1362.0,390.3,1717.3,1185.8,1080.1,1401.2,959.05,755.4,9434.95,174.0,210.85,195.95,966.35,329.9,586.55,3174.6,403.6,762.1,603.15,886.9,824.25,4283.0,340.0,313.95,364.8,603.2
25-01-2018,436.5,1150.45,616.1,3311.7,1710.3,4933.05,480.65,452.7,343.45,621.4,299.4,2507.75,26519.4,493.75,1193.0,1009.55,1974.95,3571.2,258.95,384.15,1372.75,1908.3,281.25,360.8,1394.0,392.3,1730.2,1175.4,1092.35,1416.5,949.65,757.8,9278.2,171.95,208.5,194.3,965.9,313.15,579.85,3121.05,400.3,769.15,598.45,884.1,768.95,4359.95,345.6,311.95,361.6,595.85
29-01-2018,436.65,1152.05,605.55,3363.9,1715.3,4912.4,469.8,440.6,353.4,615.0,301.75,2357.1,27453.65,474.35,1184.55,1012.05,1999.65,3641.75,258.6,375.15,1397.3,1967.6,275.65,357.65,1421.15,399.65,1742.5,1182.9,1115.1,1431.95,912.2,764.35,9630.7,171.05,205.15,194.15,964.5,312.1,587.95,3198.85,399.25,783.15,604.8,896.2,788.5,4390.7,345.0,311.15,358.0,608.9
30-01-2018,428.25,1126.7,593.75,3358.3,1678.4,4875.65,485.6,440.6,344.45,605.95,305.9,2306.15,26689.4,476.1,1163.25,1000.4,1995.5,3687.85,253.55,393.0,1400.25,1937.5,275.2,353.25,1415.0,416.25,1736.05,1170.65,1088.05,1429.9,902.75,764.9,9571.55,170.3,204.8,194.95,950.4,313.55,591.95,3152.85,395.85,775.85,602.95,884.15,770.75,4363.2,341.3,307.3,353.35,603.0
31-01-2018,428.85,1128.3,593.6,3337.15,1677.85,4812.35,492.3,439.85,351.55,592.15,299.55,2225.35,26923.6,478.6,1160.05,986.55,2005.7,3691.45,256.15,397.7,1369.35,1956.3,271.4,352.95,1390.95,417.6,1753.1,1150.25,1108.95,1416.5,883.75,763.05,9509.7,170.25,203.45,193.8,961.3,313.25,579.9,3112.35,399.5,705.05,612.65,869.55,752.05,4382.0,340.35,304.7,354.4,593.7
01-02-2018,428.75,1153.0,592.8,3412.95,1729.45,5038.4,490.35,438.4,346.85,587.05,295.6,2157.95,28047.35,486.25,1188.9,984.9,1991.15,3732.95,256.25,392.35,1371.25,1967.55,275.3,346.2,1377.45,417.9,1795.45,1144.6,1120.95,1455.6,860.4,798.75,9401.85,169.05,194.9,194.85,943.85,306.05,554.3,3138.6,393.65,696.75,611.05,831.0,758.85,4391.45,341.45,300.75,359.9,594.95
02-02-2018,417.95,1137.9,564.9,3241.3,1628.9,4935.75,477.15,422.35,344.85,581.15,290.35,2123.55,27811.75,466.45,1128.85,990.9,1948.0,3623.45,249.85,374.5,1372.2,1903.85,275.35,335.1,1319.6,408.65,1761.3,1143.25,1085.95,1415.45,847.0,770.25,8990.6,165.2,192.7,192.9,904.35,297.35,551.2,3153.65,383.75,670.45,619.45,822.2,733.05,4179.45,334.3,300.6,349.05,586.1
05-02-2018,408.2,1134.1,566.25,3185.55,1604.95,4918.0,475.95,440.2,349.0,580.1,294.8,2116.5,27537.95,462.35,1098.05,993.15,1913.85,3636.4,246.6,383.85,1355.75,1823.35,279.25,329.7,1292.45,409.0,1713.0,1138.2,1062.25,1363.65,849.1,760.5,9080.6,166.25,188.75,196.5,902.15,298.05,557.45,3103.2,395.8,664.05,629.05,802.3,722.5,4146.4,328.85,298.75,343.6,582.7
06-02-2018,404.8,1110.25,563.7,3135.1,1662.15,4904.6,467.2,439.15,344.95,564.25,290.35,2095.7,27579.25,452.6,1065.45,953.85,1896.8,3541.85,244.4,377.6,1325.35,1788.6,273.5,330.7,1294.95,401.3,1682.85,1107.75,1033.8,1353.05,800.9,751.8,8984.6,165.3,185.45,194.95,892.1,291.75,551.8,2997.25,375.45,664.5,606.7,782.65,700.05,4092.65,321.65,294.65,338.75,571.75
07-02-2018,407.0,1121.1,559.35,3135.55,1641.65,5012.05,476.25,430.25,338.55,569.25,297.6,2111.4,28010.45,460.3,1057.95,938.55,1872.8,3566.4,246.0,396.35,1312.65,1785.35,275.15,332.55,1274.1,404.75,1661.75,1109.05,1036.3,1333.75,806.05,747.1,8921.8,165.45,190.0,195.5,894.4,292.8,549.5,2955.05,377.8,661.8,603.1,783.65,701.25,4081.55,315.7,289.35,332.9,581.15
08-02-2018,405.1,1124.05,568.45,3157.95,1662.15,5057.25,478.2,429.8,349.2,612.65,300.0,2180.45,28198.0,461.85,1108.65,944.35,1880.95,3582.2,245.2,399.8,1329.55,1811.8,274.1,333.85,1314.4,385.6,1670.85,1134.25,1051.75,1347.4,812.45,752.2,9030.7,163.7,188.7,193.2,904.55,301.4,584.1,2974.2,374.85,671.45,608.25,800.75,718.05,4167.0,314.45,289.8,335.0,584.8
09-02-2018,399.0,1130.75,557.55,3099.25,1639.4,5059.35,475.4,422.5,341.5,621.4,300.15,2193.8,27747.95,462.45,1108.95,964.0,1849.5,3546.1,243.5,395.7,1333.05,1773.05,271.35,326.75,1288.4,378.65,1649.85,1109.15,1032.0,1329.25,822.15,750.05,8936.1,163.25,187.35,193.2,897.85,296.4,582.7,2971.7,368.75,685.3,595.25,796.8,708.35,4153.3,316.3,285.0,325.55,580.95
12-02-2018,403.35,1144.4,564.2,3154.1,1643.8,5235.45,467.55,424.4,338.25,621.65,300.65,2204.25,27901.4,465.0,1132.3,939.15,1876.65,3611.9,243.25,391.45,1344.45,1805.45,269.85,326.25,1314.85,379.05,1687.8,1102.8,1042.95,1350.5,840.45,746.0,9117.85,164.9,191.0,198.5,915.5,288.75,589.15,2967.3,371.8,713.1,590.35,809.05,726.5,4200.3,315.55,288.95,335.4,584.5
14-02-2018,413.0,1139.15,543.9,3109.75,1669.95,5189.0,460.1,434.8,327.4,616.15,306.95,2183.3,28027.6,466.9,1126.75,937.8,1883.15,3596.05,243.25,382.65,1349.4,1814.0,266.5,318.95,1348.2,377.35,1694.45,1097.75,1042.45,1361.2,827.6,746.95,9001.6,162.95,185.75,195.45,933.65,276.2,574.8,2911.8,376.85,708.0,611.5,813.7,721.9,4175.5,315.75,293.45,320.35,576.6
15-02-2018,411.7,1135.45,543.7,3143.5,1677.05,5130.35,475.05,428.95,331.05,605.85,308.1,2195.8,28340.45,475.9,1103.65,939.7,1881.9,3527.25,251.5,390.9,1358.15,1829.5,268.1,328.65,1312.3,376.8,1686.15,1114.45,1042.15,1350.35,822.3,749.35,9020.25,163.2,188.3,197.9,935.65,278.7,575.75,2925.85,375.8,700.55,605.65,814.85,716.1,4187.85,324.4,292.5,319.8,570.9
16-02-2018,405.45,1143.85,537.85,3103.9,1675.25,5058.25,465.7,419.7,327.55,611.1,303.5,2213.55,27328.15,468.3,1100.05,937.1,1878.6,3494.2,247.65,386.95,1352.1,1815.5,266.45,321.05,1272.35,375.05,1658.9,1128.05,1050.2,1328.4,825.1,743.75,8836.95,162.8,186.9,195.55,921.3,271.65,575.25,2933.05,370.75,689.75,584.35,803.2,703.6,4166.35,319.75,291.0,311.8,569.6
19-02-2018,393.85,1120.35,540.55,3030.6,1642.7,5000.75,456.85,414.35,329.85,600.4,305.4,2152.0,27089.5,463.8,1089.7,914.2,1878.2,3465.7,247.55,379.8,1335.9,1814.05,264.1,319.75,1251.05,369.65,1630.45,1131.75,1056.2,1295.5,814.4,724.65,8724.85,162.9,185.3,194.15,927.0,268.5,561.4,2923.6,368.75,648.85,572.45,803.95,701.3,4116.6,320.35,289.95,312.05,567.95
20-02-2018,394.9,1126.4,531.7,3049.85,1638.75,5014.3,453.05,418.1,334.0,603.45,310.4,2163.65,26916.4,465.15,1118.65,907.45,1863.2,3477.45,248.8,380.85,1331.8,1811.75,263.25,317.25,1237.45,366.6,1622.7,1136.95,1045.8,1290.6,815.8,709.0,8722.65,164.2,187.0,195.0,921.1,269.65,559.5,2944.75,369.3,651.3,574.2,832.25,695.35,4140.6,328.7,291.45,308.7,570.75
21-02-2018,395.6,1127.2,535.8,3012.6,1596.45,4973.45,447.55,419.65,338.05,597.25,310.55,2165.9,27365.75,466.1,1110.6,942.9,1857.4,3490.75,240.65,386.9,1330.6,1824.8,268.2,319.2,1244.05,368.5,1594.25,1147.4,1055.05,1282.8,813.95,708.4,8782.75,162.3,190.15,193.95,929.35,273.3,525.75,3042.3,364.45,640.95,595.2,822.9,688.25,4131.55,327.6,292.2,312.35,573.1
22-02-2018,404.0,1118.1,530.25,2974.3,1600.35,4951.85,427.45,416.1,333.85,589.65,311.55,2123.45,26868.5,466.15,1110.4,941.0,1853.2,3481.2,239.9,384.1,1326.45,1819.25,267.1,318.35,1267.4,363.2,1623.5,1160.75,1072.5,1292.0,800.05,721.95,8634.05,160.75,186.1,190.25,924.35,272.6,541.45,3050.2,358.5,637.55,602.6,817.5,675.45,4099.9,328.65,292.65,316.1,567.05
23-02-2018,406.5,1101.8,536.65,2986.4,1633.4,5019.65,429.9,425.55,340.4,595.65,310.95,2167.05,26724.4,458.4,1136.7,955.6,1880.55,3494.7,246.55,386.1,1323.15,1824.2,269.05,322.75,1283.65,368.4,1643.5,1155.65,1080.85,1301.7,807.5,718.65,8698.8,163.55,189.8,193.25,934.25,276.05,569.65,3075.8,360.2,677.75,621.45,814.2,700.55,4116.4,337.9,295.0,323.45,569.95
26-02-2018,415.05,1104.8,552.3,3008.7,1674.95,5192.95,433.0,423.15,344.45,590.1,314.05,2193.8,27185.95,463.2,1180.6,946.05,1911.55,3537.85,246.2,391.75,1333.3,1843.25,266.55,327.05,1294.35,376.7,1691.3,1138.6,1105.15,1344.25,821.3,735.4,9005.35,162.95,190.35,196.15,938.7,274.45,555.95,3031.7,372.05,680.2,612.45,819.7,720.5,4140.8,343.15,291.6,326.15,585.45
27-02-2018,410.45,1110.35,538.4,3034.7,1656.8,5121.35,426.95,430.5,344.8,586.5,309.0,2236.0,27154.65,457.05,1171.95,949.9,1902.55,3585.5,244.3,391.5,1346.35,1828.65,266.4,322.15,1279.75,377.45,1685.2,1150.2,1093.05,1338.1,826.3,739.8,8891.2,165.55,188.5,197.75,950.5,267.6,544.8,3042.35,372.55,671.75,610.55,822.6,721.15,4176.1,340.6,291.75,327.15,576.5
28-02-2018,408.35,1117.75,528.75,3020.6,1640.25,5051.7,429.55,428.55,346.7,589.65,309.15,2237.25,27437.75,457.5,1152.7,940.3,1884.2,3596.7,245.4,380.15,1317.75,1808.7,265.05,313.25,1254.1,379.3,1680.75,1172.6,1090.55,1318.15,819.95,728.35,8850.95,163.25,188.3,197.7,954.55,268.0,535.35,3035.05,369.9,671.6,612.65,816.15,728.75,4155.6,329.75,292.8,322.3,565.35
01-03-2018,406.1,1118.9,525.75,3020.9,1659.35,4999.4,441.9,427.75,345.2,581.7,312.9,2231.5,27742.35,454.25,1166.6,942.8,1874.35,3576.9,240.8,376.75,1324.25,1814.15,264.0,304.95,1256.3,381.5,1700.35,1160.75,1095.7,1315.2,803.9,732.55,8873.45,163.0,189.7,197.4,948.4,262.15,535.4,3037.7,370.75,675.05,611.9,810.2,714.25,4153.3,323.25,292.5,321.05,555.4
05-03-2018,403.95,1105.95,524.55,2943.55,1636.95,5037.45,434.3,421.45,339.15,579.25,305.8,2180.8,27548.35,443.6,1141.75,932.1,1869.95,3556.45,229.6,366.75,1299.75,1789.6,260.25,303.35,1238.25,379.25,1689.2,1155.9,1100.0,1300.7,790.15,739.6,8795.1,163.3,185.55,196.95,924.1,263.5,548.55,3105.85,352.05,655.9,630.85,808.9,720.9,4095.4,315.9,290.95,312.95,551.85
06-03-2018,405.25,1101.6,517.35,2899.2,1637.75,4980.65,445.2,413.9,331.95,584.1,307.0,2176.45,27488.45,439.95,1133.95,932.8,1846.25,3561.9,225.85,365.6,1293.2,1782.8,256.5,295.05,1238.75,382.2,1710.3,1151.35,1082.45,1283.4,773.4,719.9,8616.5,163.35,185.4,193.15,910.85,256.55,531.75,3042.8,346.5,659.75,617.25,807.65,702.4,4150.3,313.45,286.95,312.15,559.5
07-03-2018,376.95,1107.25,512.65,2903.9,1618.35,4836.15,443.4,403.2,329.45,580.2,306.95,2149.6,27528.15,440.75,1114.9,949.55,1832.6,3554.4,224.45,357.8,1293.85,1761.75,259.9,286.7,1196.25,379.4,1704.25,1144.1,1085.1,1263.3,761.75,707.8,8679.1,163.5,181.5,193.35,889.75,246.65,524.85,3027.45,347.8,647.7,609.05,814.85,702.0,4113.45,309.35,285.35,311.95,565.1
08-03-2018,387.95,1127.6,520.55,2923.9,1628.05,4864.6,442.2,401.3,331.2,578.0,305.5,2143.4,27711.85,436.45,1100.65,950.65,1852.85,3586.7,222.7,360.55,1293.15,1798.75,258.85,296.95,1206.35,382.1,1694.15,1156.65,1082.3,1283.8,771.15,726.65,8729.35,165.3,180.15,195.4,911.45,256.8,514.6,3003.95,345.15,635.9,607.2,817.7,710.8,4119.9,308.4,285.2,308.55,563.5
09-03-2018,377.9,1129.1,505.35,2935.4,1654.2,4966.25,439.4,402.15,333.15,571.05,304.05,2129.9,27963.85,436.9,1100.35,943.0,1851.05,3586.35,220.2,357.05,1300.75,1818.6,259.25,292.7,1199.2,385.5,1697.55,1163.4,1082.45,1290.5,764.5,728.5,8660.6,164.4,179.9,192.9,913.1,253.25,506.8,3034.1,341.5,606.75,619.2,819.1,712.15,4079.85,304.15,285.05,303.25,568.5
12-03-2018,386.6,1131.5,519.2,2957.75,1665.25,5040.05,446.75,421.55,339.5,580.65,297.65,2148.4,28316.9,446.45,1106.0,967.65,1867.25,3694.5,227.65,366.75,1324.2,1858.05,270.1,300.65,1210.45,400.65,1735.3,1185.75,1100.6,1310.05,769.8,737.1,8810.3,171.15,183.85,195.0,930.3,252.85,512.65,3052.15,352.6,622.9,619.55,829.1,717.95,4176.0,317.4,290.7,311.15,576.25
13-03-2018,385.2,1140.3,531.5,2971.75,1680.7,5098.4,466.65,426.3,349.0,578.75,294.85,2181.5,28849.35,455.95,1109.2,957.0,1860.25,3701.2,226.15,382.95,1320.55,1868.5,269.45,304.35,1231.8,407.85,1729.5,1183.8,1083.9,1302.75,780.6,733.0,8756.05,169.4,183.6,195.05,931.85,254.7,523.3,2886.8,353.15,628.85,619.15,851.95,722.8,4170.0,321.05,296.6,312.8,579.15
14-03-2018,382.1,1137.0,536.15,2950.55,1710.1,5111.6,462.8,422.6,339.15,577.9,293.1,2181.45,28846.65,458.0,1121.75,965.05,1864.5,3639.35,226.7,375.4,1316.9,1844.7,268.05,306.05,1226.9,395.05,1733.35,1180.8,1081.75,1303.25,781.55,728.2,8846.3,169.7,180.6,194.35,929.05,257.05,520.1,2886.9,354.05,620.55,639.1,865.0,718.35,4230.25,318.95,293.85,318.85,576.6
15-03-2018,382.15,1160.8,529.65,2948.75,1726.25,5034.5,462.05,420.45,337.9,571.15,295.5,2182.75,28695.55,450.35,1107.95,959.15,1880.8,3640.8,224.9,371.55,1299.95,1830.0,265.55,301.45,1237.95,192.05,1741.75,1182.5,1085.65,1295.1,776.65,734.85,8837.55,169.9,180.3,194.8,911.8,253.7,516.45,2869.7,353.1,611.75,631.85,872.5,721.15,4189.4,316.95,293.4,311.85,570.4
16-03-2018,370.5,1122.75,522.6,2910.45,1687.9,5011.35,447.55,416.75,334.45,559.4,278.2,2142.15,28079.15,441.0,1093.55,967.6,1853.0,3546.1,221.7,364.75,1299.15,1791.4,260.5,298.1,1207.45,184.75,1724.7,1171.9,1060.75,1269.3,761.85,740.75,8676.55,164.85,177.15,192.25,900.05,252.3,503.05,2825.7,339.75,600.2,634.7,879.25,719.7,4026.3,308.9,295.75,312.9,570.35
19-03-2018,364.3,1102.55,519.45,2849.45,1631.85,4963.45,430.75,399.65,325.35,559.75,272.3,2119.85,27403.05,442.05,1098.2,926.5,1847.25,3515.3,214.55,352.35,1309.4,1774.5,259.15,294.55,1187.85,177.9,1718.8,1146.75,1049.0,1279.55,766.6,742.7,8773.5,167.0,176.85,194.2,895.5,247.95,497.65,2831.0,335.7,574.95,609.9,869.0,701.85,3972.4,307.2,288.65,304.8,566.45
20-03-2018,370.0,1106.5,521.1,2873.0,1657.3,5080.85,424.9,400.4,341.9,552.9,270.25,2157.15,28360.45,438.5,1096.1,937.2,1839.5,3513.8,217.3,354.85,1313.25,1800.05,259.2,292.0,1198.3,173.85,1716.65,1164.55,1045.3,1293.5,771.75,740.95,8802.4,166.4,174.1,194.9,889.8,249.1,508.75,2864.85,338.8,593.0,633.4,871.75,712.3,3936.8,287.1,293.6,302.4,575.1
21-03-2018,363.7,1103.55,526.3,2851.8,1704.55,5131.5,430.65,418.2,337.15,551.05,270.9,2141.7,27980.85,435.05,1094.7,937.35,1858.9,3463.6,214.7,353.3,1315.6,1817.85,259.05,289.2,1216.4,172.45,1731.45,1167.5,1051.1,1309.35,767.85,745.35,8874.65,170.35,175.55,194.2,896.9,248.0,504.5,2856.75,333.85,582.25,625.85,872.25,714.9,3999.2,285.75,295.25,300.75,566.85
22-03-2018,358.25,1107.1,518.2,2834.95,1695.6,5119.85,414.7,415.6,335.2,540.75,269.4,2108.3,28030.5,438.4,1092.9,930.55,1867.75,3452.3,216.8,342.85,1311.85,1809.55,258.3,283.25,1220.35,170.1,1753.1,1161.3,1053.05,1296.25,758.5,730.85,8696.55,170.95,178.9,192.7,908.15,241.55,508.4,2831.35,338.2,580.9,619.05,887.55,716.9,3925.15,291.8,288.45,298.25,559.2
23-03-2018,362.4,1112.65,499.5,2789.95,1685.3,5126.7,413.45,412.7,342.5,538.4,269.95,2072.3,27896.1,439.6,1082.6,957.4,1841.55,3413.75,206.1,339.0,1301.65,1789.6,256.0,275.55,1200.4,168.85,1749.5,1167.6,1038.8,1267.9,734.5,732.9,8607.25,170.05,177.4,194.25,893.9,234.8,502.4,2818.15,330.85,566.5,623.35,895.05,704.75,3873.75,276.0,284.65,286.65,569.4
26-03-2018,365.15,1117.55,507.3,2848.65,1741.6,5151.05,419.55,421.5,343.95,541.8,273.45,2104.0,27873.05,425.15,1080.6,967.05,1893.45,3481.7,210.55,333.3,1324.3,1830.15,258.1,281.65,1204.55,167.2,1759.75,1155.25,1039.35,1297.4,740.15,746.5,8765.3,169.85,178.9,194.9,901.1,246.5,503.2,2817.0,332.35,581.55,620.4,939.05,724.4,3950.0,283.3,274.0,303.35,585.85
27-03-2018,365.5,1131.1,512.2,2798.3,1772.45,5258.95,420.75,413.2,336.55,545.05,276.2,2102.45,28424.1,320.95,1088.85,972.05,1892.6,3464.7,218.5,346.9,1332.8,1823.15,258.9,283.9,1245.75,174.85,1788.2,1154.0,1049.85,1307.55,748.75,744.9,8852.3,171.05,179.6,195.95,899.8,254.35,505.1,2847.7,331.15,590.0,621.65,942.4,736.8,3978.6,287.0,274.05,303.5,586.5
28-03-2018,354.1,1120.4,510.5,2744.7,1767.55,5171.55,427.45,398.7,336.15,545.45,283.3,2080.55,28372.65,328.55,1050.9,968.6,1886.1,3542.8,214.55,344.85,1333.35,1825.6,255.5,278.35,1237.25,176.6,1796.75,1131.8,1047.8,1310.9,735.85,738.9,8861.1,169.7,177.8,193.25,882.7,249.9,495.1,2849.15,326.85,571.05,638.7,942.3,730.25,3950.0,277.85,281.15,304.85,575.5
02-04-2018,369.7,1150.15,499.05,2808.95,1818.6,5267.4,423.4,395.1,337.65,576.25,277.5,2132.1,28288.75,324.8,1089.25,979.5,1931.2,3646.0,211.25,344.5,1351.3,1838.05,258.25,261.85,1243.85,170.45,1804.6,1137.15,1096.55,1335.95,777.1,748.05,9008.2,170.4,179.95,194.9,892.95,246.15,507.85,2909.65,339.15,578.8,640.3,944.1,752.4,3978.5,282.3,289.65,306.25,578.95
03-04-2018,366.4,1152.1,501.55,2792.0,1834.25,5381.6,426.25,402.2,339.15,570.3,278.95,2124.9,27990.0,329.75,1087.9,969.25,1915.9,3644.95,207.95,353.75,1348.4,1825.7,258.5,270.05,1299.2,174.15,1829.7,1140.45,1103.3,1330.4,788.5,770.1,9026.45,169.35,177.5,198.55,899.55,250.5,510.0,2911.25,343.1,579.7,615.95,931.95,765.65,3951.2,283.2,283.9,313.1,581.55
04-04-2018,367.8,1136.0,492.25,2766.0,1850.2,5228.55,414.95,395.05,336.95,569.8,274.55,2091.4,28934.25,328.25,1059.35,959.25,1883.25,3667.15,200.8,344.2,1357.45,1803.3,258.6,268.65,1291.8,171.15,1799.35,1124.2,1078.3,1296.15,775.2,756.55,9013.5,166.55,175.4,196.05,894.9,247.3,502.25,2910.9,355.6,560.55,606.3,904.35,732.5,3881.3,274.3,281.6,305.45,574.45
05-04-2018,375.95,1142.9,503.1,2808.15,1915.6,5443.85,422.45,393.9,338.05,560.35,277.8,2111.1,29677.75,332.4,1094.25,962.05,1908.9,3782.15,214.15,348.35,1382.2,1824.45,259.65,278.65,1340.15,173.55,1836.95,1147.55,1118.3,1328.8,786.7,774.6,9132.6,168.95,177.45,196.25,908.2,259.3,507.55,2957.95,362.2,580.45,617.35,920.05,756.95,3966.6,289.9,286.25,313.05,586.1
06-04-2018,379.3,1143.5,500.2,2786.4,1937.6,5484.25,433.95,384.95,338.0,558.95,275.8,2124.8,29799.15,334.25,1084.6,952.65,1923.4,3779.45,214.0,353.95,1374.8,1829.0,260.85,280.65,1348.4,174.25,1824.15,1127.0,1119.2,1316.55,809.05,771.95,9206.2,169.45,176.95,195.95,911.0,259.7,512.6,2950.3,364.1,587.2,618.2,940.3,753.2,3949.5,285.05,283.95,314.5,584.5
09-04-2018,377.35,1157.45,519.3,2772.45,1944.25,5561.3,450.35,380.3,337.2,556.75,274.45,2121.25,29805.75,330.8,1078.5,953.25,1939.05,3798.7,221.35,366.8,1391.6,1836.7,265.8,280.85,1345.85,179.8,1860.1,1111.25,1118.25,1327.9,793.85,786.2,9292.65,169.65,178.4,195.85,916.0,260.65,510.85,2923.9,358.3,586.15,614.85,960.65,751.2,3918.2,281.35,285.05,316.25,571.8
10-04-2018,387.25,1156.75,546.15,2766.45,1926.05,5412.9,451.15,385.55,335.45,558.15,280.9,2112.1,29972.05,331.95,1081.9,948.45,1920.85,3718.3,230.0,364.65,1391.5,1817.5,266.7,288.8,1324.55,179.3,1847.95,1113.4,1113.65,1349.9,789.7,777.6,9273.45,168.4,180.2,196.95,917.05,263.3,508.25,2937.6,353.25,601.9,626.45,962.25,751.7,3931.2,284.1,286.0,319.25,573.75
11-04-2018,377.9,1155.85,539.8,2755.55,1924.65,5420.2,417.3,385.3,337.45,561.5,283.4,2100.7,30685.1,327.0,1068.7,967.3,1918.85,3739.35,234.2,336.7,1409.15,1812.4,265.15,284.55,1312.3,167.35,1855.75,1124.25,1126.1,1352.75,789.65,789.0,9302.5,168.5,182.15,197.0,930.85,257.05,521.45,3014.15,355.8,608.05,633.35,979.95,745.55,3924.65,296.8,285.7,312.0,575.2
12-04-2018,372.35,1165.2,548.75,2763.2,1929.35,5420.75,418.65,380.2,340.7,556.15,281.5,2060.5,30681.55,326.05,1064.45,1010.05,1928.8,3749.45,232.6,337.25,1412.75,1829.05,261.95,286.75,1315.35,168.25,1857.8,1162.6,1134.6,1357.45,773.35,787.85,9204.45,169.5,181.75,196.35,928.7,253.8,515.9,3139.25,358.4,598.4,652.8,976.05,747.9,3872.3,288.7,286.85,311.75,571.25
13-04-2018,383.1,1162.2,542.55,2786.2,1914.35,5316.8,405.4,377.9,339.7,555.5,285.0,2089.95,31353.0,326.85,1063.65,991.25,1925.0,3725.9,237.8,333.75,1410.55,1840.6,260.75,288.25,1344.8,165.35,1861.3,1171.45,1151.1,1354.85,779.85,789.6,9123.95,170.95,182.5,197.5,938.85,250.95,513.0,3153.3,357.05,594.05,671.55,987.15,747.1,3878.95,291.65,294.15,309.55,575.95
16-04-2018,387.5,1178.85,542.4,2838.3,1943.3,5386.15,408.2,376.65,340.05,584.95,286.1,2102.45,31299.25,324.7,1092.4,999.9,1942.1,3803.15,239.45,331.4,1419.5,1870.45,264.45,287.6,1372.15,165.0,1864.65,1133.2,1172.1,1368.1,794.4,801.45,9232.0,174.1,181.5,199.2,937.05,249.0,519.4,3187.65,339.15,591.6,668.7,980.5,763.6,3917.0,290.3,289.9,310.35,578.1
17-04-2018,383.4,1176.0,532.4,2864.2,1935.05,5426.1,410.65,382.05,334.0,579.95,287.6,2105.55,31027.6,325.65,1094.75,1011.0,1948.5,3769.0,239.4,330.05,1445.55,1889.7,267.6,291.75,1357.25,167.2,1866.85,1125.2,1164.85,1359.55,805.05,809.35,9160.35,176.95,180.8,204.9,944.25,248.15,512.15,3166.6,336.45,596.05,668.3,997.6,757.55,3917.25,288.8,284.75,307.9,575.45
18-04-2018,384.95,1172.3,518.25,2862.05,1926.85,5371.85,405.2,384.25,336.05,584.6,285.1,2101.65,30873.9,330.65,1092.85,996.85,1932.6,3737.8,242.8,319.6,1450.5,1877.7,275.35,290.05,1369.6,164.95,1843.6,1125.95,1153.95,1360.1,790.55,798.3,9121.5,178.55,182.1,205.0,938.0,246.45,512.0,3159.1,334.8,601.6,656.8,977.1,757.6,3992.35,291.1,292.65,309.55,588.25
19-04-2018,386.55,1165.0,512.9,2857.95,1913.3,5385.2,376.55,395.35,335.95,584.4,283.2,2136.3,30920.15,335.35,1104.15,1018.55,1939.0,3723.6,264.75,301.5,1454.2,1858.65,277.35,289.6,1367.55,157.95,1832.95,1132.85,1153.9,1385.0,790.35,801.9,9077.65,177.55,183.95,208.1,942.3,246.15,509.2,3191.15,334.25,621.95,665.2,952.75,768.9,4103.45,311.7,292.45,318.5,592.9
20-04-2018,381.15,1159.35,505.7,2852.7,1880.4,5286.35,371.4,402.0,331.1,589.05,292.05,2121.9,31148.7,330.55,1100.8,1062.35,1955.9,3742.7,262.1,299.05,1467.8,1834.15,276.2,282.15,1356.05,160.1,1812.85,1178.45,1152.85,1365.05,799.9,799.5,9025.0,174.35,182.35,207.2,927.9,241.2,505.3,3402.45,336.0,606.2,700.5,956.55,765.75,4080.9,308.6,298.05,308.55,587.7
23-04-2018,386.35,1178.7,506.2,2852.15,1899.35,5294.0,381.35,402.85,328.0,600.15,289.8,2135.55,31065.2,332.55,1085.1,1088.0,1935.75,3718.2,255.6,304.3,1452.75,1830.85,275.5,279.4,1321.1,161.7,1874.4,1187.7,1169.0,1360.0,811.85,824.3,9064.85,173.6,181.05,206.8,936.0,242.45,514.25,3408.65,334.05,606.6,702.0,962.95,753.8,4143.7,305.05,297.35,313.05,595.25
24-04-2018,392.25,1170.1,504.85,2886.8,1917.8,5427.65,383.7,406.25,329.0,601.9,290.5,2150.15,31136.75,337.75,1080.4,1061.95,1935.0,3716.9,236.75,306.0,1459.65,1859.55,276.0,284.1,1329.25,163.05,1877.4,1154.5,1166.0,1378.0,819.75,838.55,9064.65,172.85,182.65,206.45,970.05,240.6,517.8,3385.65,331.55,597.55,682.7,961.95,744.7,4119.25,297.4,286.95,324.0,588.7
25-04-2018,391.9,1163.05,498.4,2900.35,1899.85,5434.3,385.8,419.85,325.45,593.05,290.95,2118.0,30746.95,327.55,1062.35,1068.8,1920.75,3717.2,232.05,298.05,1459.2,1849.5,274.1,278.9,1323.4,160.6,1847.75,1160.35,1167.85,1362.9,814.7,853.85,8934.6,171.85,179.45,207.35,970.5,237.2,514.05,3470.25,328.6,586.2,686.4,960.85,743.9,4134.8,290.2,287.15,325.25,585.35
26-04-2018,397.1,1155.7,493.75,2884.95,1892.1,5339.25,385.5,409.2,316.1,599.95,290.8,2076.85,31205.2,325.35,1069.2,1077.3,1930.25,3761.85,234.0,296.35,1491.25,1850.45,278.25,278.85,1310.45,161.15,1881.9,1176.45,1185.7,1347.2,792.7,858.15,8946.45,172.0,180.8,207.0,975.35,233.2,512.6,3539.25,330.25,578.2,691.1,969.5,750.25,4079.45,290.3,281.35,352.4,581.15
27-04-2018,402.45,1181.6,539.2,2947.15,1901.15,5435.25,390.15,408.75,320.25,599.85,286.75,2097.75,31599.3,330.8,1086.8,1041.65,1923.4,3713.5,234.95,305.95,1473.95,1853.75,279.4,287.9,1316.55,162.9,1884.7,1185.2,1188.75,1377.75,801.45,862.7,8783.35,170.75,180.7,207.9,996.3,242.6,524.15,3451.95,336.9,589.8,670.5,970.0,754.35,4062.35,294.05,276.15,348.9,591.65
30-04-2018,407.3,1201.7,517.3,2952.6,1907.7,5482.6,387.35,409.55,313.1,607.4,285.0,2109.85,31188.6,325.1,1093.7,1052.75,1944.3,3732.25,235.65,304.5,1508.9,1883.25,281.45,284.2,1307.0,162.3,1898.0,1199.5,1211.1,1400.9,811.55,873.3,8814.95,172.15,180.55,207.85,963.3,246.4,528.4,3532.1,340.4,594.95,670.6,981.8,729.85,4108.85,298.4,278.75,362.0,588.05
02-05-2018,401.1,1222.3,523.75,2965.95,1905.1,5436.9,380.95,408.45,313.8,612.0,280.5,2118.2,30522.25,323.7,1095.75,1000.5,1969.5,3664.1,228.05,297.4,1471.95,1910.6,287.25,276.9,1298.05,161.15,1868.3,1197.05,1256.85,1403.15,800.55,863.15,8744.5,170.4,180.05,205.15,972.7,241.0,515.2,3499.75,336.05,574.5,662.55,964.5,733.4,4016.5,283.4,275.55,354.25,596.3
03-05-2018,397.0,1206.75,533.4,2975.2,1874.3,5402.05,377.7,404.4,324.95,609.3,276.95,2121.1,29878.4,323.15,1087.5,925.7,1967.9,3655.6,231.55,294.85,1452.2,1922.7,285.0,281.9,1271.95,161.7,1878.15,1182.55,1233.55,1377.75,797.95,865.1,8755.95,174.3,181.1,206.45,961.6,241.9,536.0,3481.85,333.5,585.45,652.95,959.35,707.9,3995.35,286.2,271.45,353.95,593.8
04-05-2018,408.25,1190.45,520.3,2888.65,1857.4,5348.05,380.2,396.75,322.45,597.0,271.3,2106.6,29208.4,329.75,1073.9,929.85,1988.5,3659.75,231.35,294.85,1464.2,1910.35,277.15,282.85,1249.25,161.5,1891.15,1173.1,1233.45,1368.7,795.6,854.3,8678.2,170.9,180.25,207.4,953.95,241.95,517.95,3480.75,334.4,580.75,662.65,958.1,703.65,3985.85,281.65,269.9,345.1,586.65
07-05-2018,412.4,1215.25,536.1,2915.3,1895.45,5401.3,385.8,398.25,320.65,591.05,267.4,2069.5,29766.85,343.8,1077.0,928.2,1977.4,3648.05,237.85,297.0,1497.9,1918.7,282.25,289.8,1244.25,164.3,1889.8,1183.0,1245.05,1389.15,773.9,885.6,8743.7,170.5,183.9,209.3,971.0,246.5,513.7,3420.95,335.15,596.45,657.4,968.95,717.4,4033.4,285.45,274.75,347.9,599.85
08-05-2018,412.8,1209.9,542.25,2892.25,1868.4,5340.7,392.6,401.15,321.0,590.65,268.15,2074.95,30427.05,341.85,1092.6,920.1,1967.05,3657.3,238.7,307.0,1496.05,1903.35,282.7,309.3,1236.35,166.55,1869.6,1165.55,1241.85,1364.9,774.85,865.3,8775.2,171.4,183.1,212.75,967.1,250.05,511.45,3441.2,332.15,596.35,653.35,968.1,721.5,4064.1,282.9,272.75,343.3,594.55
09-05-2018,413.35,1222.55,548.5,2872.0,1849.1,5349.5,385.45,402.45,324.85,588.0,267.35,2064.35,30315.65,341.9,1094.95,927.5,1978.4,3654.4,238.15,305.25,1496.0,1897.65,282.3,306.8,1236.25,167.2,1879.1,1170.7,1251.15,1375.65,762.15,860.1,8718.35,170.4,182.85,211.85,976.7,248.0,506.15,3489.3,341.95,603.15,654.1,985.7,731.3,3966.25,283.15,270.25,347.85,591.45
10-05-2018,410.8,1217.7,547.65,2827.5,1837.4,5237.95,390.2,412.1,320.7,575.5,269.35,1989.6,30647.5,340.0,1093.05,930.2,1992.7,3646.0,241.3,307.9,1486.5,1894.3,280.15,306.85,1208.65,167.95,1885.35,1168.0,1247.5,1362.2,755.55,856.5,8704.95,168.5,188.25,208.0,981.15,247.95,497.2,3451.25,333.6,594.15,663.6,973.1,722.0,3998.55,279.7,270.45,344.65,588.4
11-05-2018,412.7,1286.45,553.3,2815.45,1861.5,5345.45,399.3,386.6,319.85,573.7,271.0,1990.5,30873.0,342.6,1100.75,932.85,2011.75,3618.3,242.7,318.75,1504.1,1919.8,283.65,310.95,1239.95,169.1,1894.25,1180.75,1267.3,1387.4,752.45,869.1,8750.3,167.45,187.5,206.85,989.25,250.35,472.05,3456.95,330.8,607.25,666.45,956.05,735.25,4071.6,286.95,272.65,350.25,592.8
14-05-2018,409.95,1297.35,551.9,2831.95,1864.5,5386.45,404.2,383.15,316.0,578.5,270.05,2017.75,30495.25,344.2,1100.1,925.3,2021.75,3648.3,242.1,321.0,1503.55,1930.6,284.8,310.1,1216.7,168.4,1915.0,1189.3,1271.6,1381.75,754.2,852.65,8707.0,171.65,187.25,209.05,986.6,253.6,473.8,3433.55,323.6,610.35,667.25,920.0,728.5,4107.05,282.1,272.35,344.8,577.65
15-05-2018,409.15,1314.65,549.7,2823.65,1901.95,5397.5,405.8,381.95,312.45,575.8,263.5,2008.5,30772.85,339.45,1089.45,925.0,2037.8,3649.6,243.9,323.45,1515.5,1929.55,281.85,308.25,1199.9,167.2,1916.95,1194.55,1283.85,1374.2,750.8,847.05,8726.6,170.1,189.0,213.85,978.95,248.0,468.65,3482.4,310.1,625.95,670.65,931.0,733.3,4109.3,281.7,271.0,345.75,572.65
16-05-2018,403.1,1323.7,550.0,2811.9,1919.95,5319.2,398.35,375.35,315.2,559.9,263.5,1993.95,30565.7,330.65,1082.4,920.25,2023.35,3575.5,239.75,318.4,1574.1,1914.55,285.85,297.25,1184.8,165.95,1925.6,1189.95,1281.4,1362.35,766.5,853.1,8695.6,170.0,186.2,213.45,956.15,243.1,471.7,3493.9,310.25,621.25,672.7,931.15,725.85,3990.75,278.8,274.7,349.75,575.75
17-05-2018,397.9,1309.45,539.45,2815.45,2066.5,5569.25,390.6,367.6,321.75,553.75,271.5,1977.15,30495.95,330.35,1083.2,909.75,2027.75,3554.55,233.05,317.5,1569.8,1875.1,278.95,296.0,1178.1,164.75,1914.35,1182.9,1270.7,1355.95,762.95,849.0,8697.5,167.1,188.6,213.45,945.35,242.7,479.85,3491.8,314.9,610.3,675.8,936.5,707.1,3957.8,276.95,278.35,345.3,570.95
18-05-2018,389.5,1308.35,532.9,2787.5,2149.65,5729.8,386.35,361.35,316.15,533.05,266.8,1982.0,30086.2,321.5,1062.85,890.7,2012.15,3561.05,231.5,312.0,1605.8,1853.0,282.3,286.1,1139.05,163.7,1930.0,1183.2,1294.4,1315.55,743.7,836.0,8510.95,166.6,185.05,212.95,933.85,238.85,464.9,3502.05,304.6,591.4,692.95,939.95,709.45,3858.85,270.3,268.9,345.5,567.6
21-05-2018,383.7,1301.7,526.85,2720.55,2105.45,5722.05,393.85,360.0,321.7,520.45,270.25,1893.05,29432.9,325.65,1035.85,895.95,1993.05,3492.9,228.25,312.85,1578.65,1819.2,282.35,289.3,1108.35,165.15,1924.95,1179.5,1276.65,1313.25,736.25,825.95,8428.5,164.4,185.75,212.65,931.35,244.45,443.75,3556.75,295.9,577.0,685.35,915.25,682.55,3852.25,263.85,264.85,334.15,554.1
22-05-2018,379.75,1286.85,523.3,2808.5,2149.3,5971.8,397.6,361.85,315.85,524.0,279.05,2009.6,29929.55,328.0,1039.5,904.9,1989.9,3499.9,234.95,311.85,1574.3,1810.0,278.75,290.3,1113.5,160.5,1903.95,1193.85,1262.7,1320.15,740.1,830.2,8560.65,165.15,185.2,210.75,926.75,253.9,453.0,3508.9,307.7,576.8,686.4,914.2,682.3,3755.55,269.95,264.95,334.7,565.6
23-05-2018,374.25,1278.6,520.25,2774.95,2078.4,5790.05,373.95,356.8,317.3,532.4,276.2,1954.35,29392.05,322.95,1047.35,894.35,1967.5,3482.95,229.95,287.0,1568.1,1783.65,273.45,292.05,1121.05,153.5,1853.65,1184.9,1255.35,1326.9,734.9,831.8,8497.4,166.55,175.4,211.3,912.25,263.2,452.25,3495.1,309.45,540.05,697.45,920.1,685.45,3700.8,252.65,263.45,333.7,554.1
24-05-2018,371.25,1293.6,534.45,2732.8,2094.75,5826.4,371.35,371.9,318.35,533.5,280.1,1972.95,29515.4,309.5,1021.7,911.7,1986.0,3489.9,234.1,283.25,1561.1,1806.1,274.85,297.7,1111.8,155.9,1870.7,1221.0,1275.45,1338.05,742.35,843.05,8410.75,165.05,167.7,211.75,915.85,268.5,462.85,3603.7,288.65,548.2,711.35,921.3,694.7,3658.4,250.6,264.35,330.0,555.5
25-05-2018,379.9,1292.35,538.5,2758.5,2116.0,6071.7,380.55,376.95,314.85,536.65,275.6,1967.85,30203.45,319.15,1030.65,916.0,2008.7,3552.85,245.5,295.2,1575.75,1819.75,272.3,295.65,1172.1,163.45,1914.95,1228.3,1295.85,1342.0,745.6,857.7,8548.15,165.3,175.45,212.05,920.8,266.95,466.45,3585.8,294.15,568.25,702.75,924.4,697.25,3682.15,251.8,264.6,339.4,562.75
28-05-2018,378.9,1321.85,546.15,2790.15,2094.95,6009.35,402.0,375.15,310.7,539.5,284.8,1994.55,30682.75,336.4,1060.35,894.5,2042.2,3599.8,241.65,313.1,1582.85,1829.55,275.3,299.25,1215.2,170.45,1914.45,1214.4,1297.15,1376.45,782.5,849.95,8709.3,167.7,175.6,206.95,920.4,272.05,499.7,3502.05,296.3,576.65,675.25,928.9,721.0,3730.3,253.65,263.3,345.2,573.2
29-05-2018,377.85,1299.5,547.75,2796.05,2077.1,5887.85,405.35,379.15,304.9,530.6,282.35,1980.7,30510.7,342.95,1057.8,905.1,2032.6,3610.4,242.5,315.05,1572.7,1809.75,274.05,289.9,1220.25,172.45,1877.3,1216.7,1284.25,1380.6,781.05,870.25,8714.9,165.95,175.55,207.0,917.45,264.3,499.5,3523.5,294.65,575.35,677.85,914.5,704.85,3716.05,253.25,263.0,338.05,557.3
30-05-2018,374.4,1293.85,541.65,2762.9,2118.65,5958.85,400.25,375.8,301.15,525.6,289.05,1961.8,30136.3,343.05,1041.5,907.35,2048.35,3601.45,238.1,306.85,1585.8,1790.8,271.9,284.9,1229.75,170.8,1884.85,1211.7,1303.25,1365.65,779.2,897.95,8588.2,165.3,174.0,209.5,916.1,267.15,494.55,3514.1,288.9,577.9,687.25,913.6,704.7,3706.65,251.1,260.85,343.15,557.45
31-05-2018,392.15,1304.65,545.9,2750.3,2109.9,6042.25,403.95,373.6,298.65,524.8,296.25,1936.6,30780.65,350.9,1039.8,910.35,2139.45,3544.9,234.2,311.85,1611.45,1833.0,271.65,285.8,1242.7,174.1,1955.45,1231.8,1334.6,1370.4,770.35,922.95,8537.2,167.55,177.9,209.45,921.35,269.55,480.35,1741.05,282.5,575.65,712.35,900.1,707.6,3744.9,248.3,261.9,346.2,556.05
01-06-2018,387.6,1293.05,536.65,2896.55,2077.4,5882.2,409.25,383.7,300.65,524.5,294.65,1941.4,29868.75,341.35,1028.7,904.85,2110.6,3626.3,238.5,312.15,1588.85,1844.25,269.95,289.3,1233.35,172.35,1915.4,1220.8,1318.0,1372.4,764.45,901.6,8808.85,164.35,173.2,205.95,930.55,266.7,484.35,1732.45,287.2,560.65,701.15,900.0,697.75,3688.15,248.25,260.6,342.7,558.3
04-06-2018,378.55,1284.45,537.05,2878.5,2062.85,5748.55,408.5,372.3,295.15,520.7,292.6,1996.0,29377.65,335.05,1034.85,900.7,2046.2,3613.6,241.6,312.2,1563.2,1833.15,268.9,286.75,1173.95,173.8,1902.2,1239.4,1303.95,1357.85,773.95,914.5,8749.85,162.05,171.1,201.7,940.85,263.0,478.6,1744.25,286.65,566.15,698.3,885.35,686.45,3711.15,246.75,260.15,342.95,560.25
05-06-2018,373.6,1273.6,530.9,2847.55,2100.6,5770.95,405.35,364.3,294.65,542.1,285.25,1963.4,29236.35,334.7,1024.25,885.05,2063.6,3610.4,242.05,314.75,1562.8,1848.4,267.5,284.1,1145.0,173.95,1899.4,1220.85,1304.7,1333.75,760.25,901.3,8810.4,161.3,171.2,198.85,947.65,263.55,473.5,1721.6,284.95,572.1,701.25,863.95,685.7,3676.85,246.25,255.25,336.75,544.35
06-06-2018,375.8,1262.8,531.4,2885.25,2160.65,5914.75,410.0,379.75,294.6,538.45,290.65,1960.45,29949.25,332.95,1034.1,908.95,2057.35,3635.2,248.1,310.8,1571.15,1858.45,270.4,283.9,1180.1,174.9,1919.8,1237.45,1315.7,1350.55,770.05,914.3,8842.35,162.5,170.3,201.1,954.4,270.15,489.85,1725.75,295.65,579.75,691.75,899.45,693.55,3696.35,246.45,259.25,339.15,550.95
07-06-2018,380.05,1290.8,542.4,2888.6,2169.45,6014.25,416.05,379.95,293.8,540.7,288.9,1964.95,29712.4,335.25,1043.6,921.35,2062.2,3651.5,248.6,315.0,1603.05,1869.0,271.05,290.9,1208.2,174.8,1900.45,1252.45,1310.45,1355.15,767.35,920.3,8911.25,162.5,172.65,202.75,971.35,269.65,488.75,1735.55,305.4,602.1,701.85,887.15,704.05,3723.15,247.2,264.6,339.55,549.25
08-06-2018,380.5,1278.85,537.4,2874.05,2186.85,6025.5,409.85,377.55,298.4,559.65,289.9,2062.9,29513.0,342.4,1028.6,928.7,2049.35,3635.15,242.15,311.3,1595.6,1840.45,267.9,288.25,1203.9,175.0,1888.7,1260.05,1318.35,1343.95,810.05,911.65,8932.45,161.45,173.7,197.9,984.35,273.0,528.25,1747.1,309.95,600.5,706.95,896.0,712.9,3715.15,246.3,264.0,337.65,557.35
11-06-2018,382.3,1283.3,539.95,2881.1,2250.3,6068.95,414.4,388.8,300.0,560.8,287.9,2083.2,29677.0,343.55,1049.1,911.6,2042.3,3612.3,244.7,314.45,1601.4,1839.45,269.25,286.4,1202.55,173.1,1904.8,1262.4,1323.35,1343.25,809.5,916.85,9022.65,161.75,173.3,195.7,982.65,274.0,535.7,1749.7,309.75,588.65,714.2,903.35,699.3,3790.1,246.1,264.4,335.7,567.15
12-06-2018,388.9,1287.7,537.15,2887.25,2261.25,6078.55,415.1,380.65,299.75,567.1,283.55,2190.65,29208.4,343.3,1038.8,914.8,2043.85,3687.85,240.65,316.9,1638.45,1847.7,270.25,287.4,1220.75,174.15,1954.75,1258.5,1329.3,1366.4,855.0,917.6,9016.75,161.3,171.4,195.05,997.15,282.85,540.45,1781.0,307.8,580.0,709.1,904.7,688.7,3766.2,245.5,266.45,332.2,565.2
13-06-2018,382.85,1286.4,540.65,2907.95,2231.05,6074.8,419.9,375.65,300.5,582.1,284.0,2256.3,29448.6,344.85,1037.0,923.7,2031.45,3696.8,245.0,313.9,1621.2,1832.3,267.85,290.75,1210.05,175.1,1945.45,1274.8,1325.65,1358.75,871.9,917.65,8967.35,160.25,170.0,198.15,1002.5,287.7,546.3,1824.1,308.4,567.6,713.8,918.15,687.55,3800.6,243.1,268.8,333.2,557.1
14-06-2018,374.45,1286.1,532.0,2890.7,2243.25,6028.0,416.35,376.5,296.5,588.05,283.2,2269.4,29536.7,339.0,1036.2,936.95,2037.4,3695.6,244.75,309.75,1609.6,1833.75,267.25,284.75,1186.2,171.55,1963.4,1239.7,1332.65,1343.0,899.6,922.05,8958.0,158.4,168.5,198.85,1007.95,282.6,559.25,1787.55,305.9,569.55,698.8,905.25,684.9,3767.0,240.05,266.4,337.2,554.2
15-06-2018,372.95,1282.2,528.75,2877.15,2283.6,5979.1,412.25,378.25,293.6,611.6,279.05,2349.85,29573.75,334.9,1031.8,948.3,2029.6,3693.7,237.4,306.35,1621.3,1832.25,264.5,282.5,1191.0,167.75,1967.35,1281.25,1340.0,1329.9,913.2,909.45,8951.6,156.05,165.45,197.85,1014.2,277.45,571.3,1840.05,302.95,566.0,707.25,903.45,700.7,3691.65,238.6,266.9,330.65,555.0
18-06-2018,370.55,1282.05,522.55,2895.3,2243.15,5995.75,423.1,370.9,291.3,606.5,274.2,2385.85,30135.3,338.1,1020.1,933.2,2019.15,3666.15,231.0,322.1,1608.55,1823.55,264.55,293.0,1199.95,173.9,1967.95,1267.4,1315.3,1323.2,902.2,913.9,8973.45,157.0,164.6,198.65,1015.55,276.85,570.1,1829.0,308.8,558.5,710.55,897.7,692.25,3669.5,232.2,265.75,331.65,561.2
19-06-2018,362.45,1269.2,517.2,2849.8,2270.6,5913.2,413.6,371.2,287.75,601.85,272.95,2393.0,29949.65,342.75,1010.1,920.45,2023.5,3652.75,225.8,313.0,1601.0,1828.0,266.05,292.8,1182.6,168.6,1931.5,1241.6,1303.25,1310.4,897.85,891.4,8862.6,156.15,164.8,198.7,996.05,272.6,559.95,1824.5,305.05,555.0,695.75,889.0,674.1,3648.0,224.3,261.0,330.9,554.5
20-06-2018,365.65,1271.3,519.1,2869.65,2267.8,5947.55,410.7,371.9,285.3,602.85,270.6,2367.75,29805.3,343.0,1017.3,910.95,2056.15,3655.8,226.2,307.9,1602.4,1847.0,263.75,293.2,1194.05,165.4,1967.4,1243.15,1324.6,1306.75,899.85,904.4,8948.3,157.05,162.75,199.15,1019.25,273.3,564.1,1822.45,305.6,563.25,690.55,888.35,652.25,3651.35,228.7,259.7,336.1,560.9
21-06-2018,366.9,1253.0,513.05,2830.1,2257.45,5991.55,421.95,368.7,279.6,603.5,267.7,2316.4,29424.9,339.3,1011.95,902.55,2057.6,3635.2,222.3,315.2,1593.45,1858.9,260.85,297.95,1173.25,170.25,1960.5,1246.55,1313.95,1289.8,899.65,883.6,8863.05,155.25,159.7,195.45,1031.95,268.65,554.5,1819.35,307.0,557.75,685.3,868.4,646.0,3616.9,229.05,258.65,332.95,563.45
22-06-2018,365.8,1267.7,525.65,2832.2,2336.05,6176.5,426.35,374.55,286.0,615.75,264.85,2336.25,29140.65,340.0,1010.4,904.8,2083.35,3637.65,222.0,311.15,1608.1,1906.75,265.15,300.65,1199.65,170.0,1953.25,1247.85,1321.4,1299.85,902.9,908.2,8874.9,157.3,159.55,197.7,1012.5,273.05,577.25,1809.8,308.0,561.85,691.15,877.55,640.2,3641.05,228.55,258.25,335.1,565.75
25-06-2018,361.15,1253.45,515.2,2801.3,2390.6,6165.65,412.0,374.15,291.95,611.4,259.0,2290.15,29440.0,341.2,1006.55,908.9,2094.95,3586.85,218.4,298.95,1615.15,1893.8,262.6,289.7,1192.65,167.35,1969.95,1272.45,1328.0,1268.15,913.45,905.6,8793.0,154.65,156.65,194.2,1004.45,268.45,571.8,1819.25,289.4,558.6,696.15,864.0,634.15,3752.0,230.65,257.5,334.15,559.05
26-06-2018,362.9,1274.6,514.2,2811.95,2367.35,6084.35,415.25,380.2,292.95,599.5,265.15,2267.15,29035.45,341.75,1036.7,910.4,2093.7,3566.85,222.95,299.1,1621.75,1915.85,264.8,288.1,1189.75,166.8,1983.3,1277.85,1329.85,1270.05,902.35,898.0,8931.35,155.6,158.3,190.75,978.95,267.4,572.95,1852.0,276.85,549.5,687.85,872.15,639.8,3840.1,231.45,257.6,335.95,562.0
27-06-2018,361.1,1267.15,507.85,2765.45,2335.5,5975.1,382.8,375.65,299.55,602.3,265.9,2293.8,28371.85,328.8,1025.75,921.05,2112.6,3538.0,217.9,276.6,1609.3,1904.85,262.75,279.05,1180.95,155.65,1969.25,1270.0,1324.2,1232.75,893.6,892.65,8898.3,153.8,156.25,187.2,965.85,261.7,576.9,1858.0,271.05,543.2,714.25,869.65,620.65,3773.15,230.1,256.05,335.6,544.35
28-06-2018,361.8,1268.4,504.6,2716.0,2274.7,5848.0,366.95,377.95,297.95,600.9,260.65,2295.75,28425.55,319.55,1003.6,909.6,2130.85,3516.05,221.05,261.35,1602.75,1878.0,260.5,271.4,1136.7,154.35,1967.6,1289.6,1339.1,1234.95,897.75,907.75,8771.3,156.4,153.5,184.8,944.95,257.0,567.3,1842.7,263.35,548.45,664.25,836.35,606.65,3721.4,230.0,257.1,329.3,539.0
29-06-2018,373.15,1264.45,510.8,2810.3,2296.35,5821.1,373.3,381.95,300.55,616.65,264.35,2235.05,28590.45,340.25,1006.85,926.25,2108.45,3473.5,230.5,259.2,1641.15,1908.1,266.2,275.4,1142.5,156.0,1932.2,1307.2,1342.95,1275.1,903.8,897.7,8825.6,159.65,158.4,186.85,972.45,259.35,564.0,1847.75,269.3,567.75,655.45,878.5,618.8,3818.6,236.2,261.5,339.65,543.95
02-07-2018,362.8,1293.05,512.25,2835.15,2299.55,5778.3,369.2,368.05,298.9,617.0,260.55,2240.35,28187.65,341.1,987.3,926.1,2073.25,3415.4,223.25,259.7,1643.45,1897.1,263.05,277.4,1114.55,153.7,1948.8,1334.7,1337.95,1255.95,889.45,886.65,8821.05,153.55,155.5,185.05,960.6,258.85,563.15,1851.35,266.7,560.5,657.2,897.4,624.7,3777.3,239.85,260.6,337.05,539.65
03-07-2018,362.75,1291.85,511.55,2862.4,2321.1,5885.2,373.9,370.75,291.5,640.4,260.85,2273.75,28079.0,345.3,985.85,937.5,2070.2,3447.65,226.1,258.85,1643.5,1879.7,265.45,272.9,1125.5,155.3,1951.0,1353.75,1353.15,1251.5,903.1,894.2,8975.15,155.0,157.7,184.55,971.3,257.5,573.6,1874.05,269.45,566.0,660.85,893.2,630.25,3749.85,231.05,261.9,336.9,544.8
04-07-2018,359.95,1289.8,514.75,2979.05,2331.4,6032.85,367.85,367.4,299.5,628.9,264.35,2317.25,28238.0,348.35,965.45,925.65,2103.55,3458.8,224.1,252.3,1676.0,1922.5,264.4,273.25,1139.7,155.25,1976.3,1345.2,1365.25,1259.5,934.2,900.1,9220.8,152.9,156.0,183.0,990.1,257.45,579.3,1866.15,267.05,571.1,654.5,886.55,624.2,3790.65,228.05,261.95,335.55,542.2
05-07-2018,361.9,1321.4,511.0,2966.95,2330.15,6069.0,371.55,363.4,303.45,626.55,270.3,2298.65,27888.0,346.05,968.6,931.05,2123.75,3505.75,220.3,256.45,1688.0,1931.05,272.5,271.55,1131.7,155.0,1964.45,1284.0,1365.0,1254.45,922.65,912.35,9347.05,152.15,156.4,181.65,964.5,256.45,566.95,1880.3,261.55,553.3,646.65,838.0,623.05,3936.25,221.3,264.1,348.65,551.8
06-07-2018,365.75,1323.15,513.7,3020.1,2345.7,6058.55,374.55,362.25,299.1,612.5,271.2,2269.05,27626.3,344.2,988.55,943.9,2115.15,3637.1,220.45,268.05,1678.3,1916.85,272.65,270.05,1141.45,156.7,1959.4,1284.25,1371.2,1266.3,915.8,924.95,9317.5,150.15,155.45,181.8,977.55,257.2,558.1,1912.95,270.85,553.5,634.9,829.65,621.4,3954.35,219.1,262.8,352.6,544.7
09-07-2018,366.95,1363.1,525.25,3018.15,2348.05,6124.7,376.3,362.1,301.85,622.9,271.15,2330.05,27632.5,347.4,984.05,961.55,2125.65,3611.5,222.05,272.75,1691.9,1904.9,274.4,271.2,1155.6,157.3,1958.3,1298.85,1385.1,1288.0,911.5,932.75,9374.9,151.25,157.4,184.5,997.1,261.55,568.8,1883.0,273.5,555.6,643.85,821.8,623.8,3899.25,226.6,264.95,363.3,540.6
10-07-2018,370.45,1370.45,532.55,3093.95,2366.35,6199.8,375.25,367.8,305.3,632.05,278.45,2321.85,28289.0,363.95,990.65,979.55,2146.4,3583.5,229.05,268.3,1687.0,1942.55,277.05,273.4,1143.65,155.25,1935.1,1301.4,1372.15,1284.6,902.85,930.55,9531.0,153.9,157.95,184.05,1025.7,263.75,563.95,1875.1,275.45,568.65,650.75,832.85,637.1,3959.8,226.05,270.6,371.4,538.4
11-07-2018,373.5,1359.8,536.55,3161.6,2355.6,6114.25,366.5,362.0,317.15,625.3,264.8,2301.35,28160.5,357.3,978.8,993.45,2148.25,3536.6,220.8,265.15,1718.15,1928.1,275.75,268.75,1149.85,154.55,1914.8,1320.45,1386.95,1274.75,900.45,931.0,9384.7,152.7,158.1,182.9,1038.8,259.1,560.75,1979.9,267.8,555.7,654.4,809.5,603.45,3951.8,218.1,272.1,371.6,540.3
12-07-2018,369.35,1357.9,538.35,3096.7,2415.0,6261.3,377.35,362.15,314.05,633.35,265.25,2357.25,27995.35,356.6,960.2,1006.05,2165.95,3498.85,220.3,269.3,1742.35,1962.7,277.2,272.3,1143.6,156.85,1938.15,1294.35,1389.8,1299.75,884.5,915.8,9347.0,154.05,158.95,182.6,1082.35,262.75,564.45,1971.35,266.1,555.2,647.7,808.45,581.95,3946.95,211.4,279.45,374.8,533.6
13-07-2018,370.4,1367.8,523.0,3138.65,2468.6,6324.45,386.65,358.95,302.7,626.7,267.8,2319.85,27529.15,356.85,935.35,983.35,2180.9,3455.9,218.75,270.2,1742.65,1972.5,270.4,267.75,1126.45,159.1,1923.75,1317.4,1404.35,1298.4,865.6,906.7,9431.05,152.95,154.1,181.75,1099.8,257.75,559.75,1981.1,263.6,558.6,641.05,838.7,562.55,3963.75,210.45,280.85,376.0,508.7
16-07-2018,360.05,1359.55,522.1,3101.85,2472.3,6247.85,382.2,347.4,301.15,620.95,261.15,2093.95,27424.3,355.8,928.7,972.1,2168.85,3426.0,213.05,264.35,1751.25,1991.2,271.6,259.25,1137.55,157.5,1922.75,1332.85,1408.45,1283.1,818.15,900.35,9385.3,155.6,153.8,181.35,1076.2,251.6,533.95,1989.2,252.1,519.25,657.3,831.2,559.8,3864.0,206.4,283.1,378.5,508.05
17-07-2018,366.7,1376.25,537.9,3094.2,2469.15,6346.05,392.65,342.55,303.35,637.45,264.75,2065.3,27153.7,358.7,940.75,980.3,2176.75,3488.6,219.5,281.3,1681.7,1989.3,269.85,266.45,1152.6,164.45,1905.0,1327.9,1400.6,1286.85,827.4,922.45,9445.4,155.3,156.15,181.45,1092.35,259.05,548.65,2002.15,257.95,532.35,646.8,845.15,571.0,3895.2,210.1,283.9,380.8,516.85
18-07-2018,364.05,1393.0,526.55,3107.8,2488.75,6365.7,402.35,336.8,299.25,627.4,262.15,2065.65,27222.55,359.05,943.6,989.9,2176.2,3506.15,212.4,286.1,1643.75,2009.45,268.55,262.7,1199.65,167.2,1892.55,1322.55,1398.55,1292.15,811.0,902.45,9366.8,155.25,160.3,178.5,1092.55,259.55,549.9,2000.25,251.85,504.25,646.3,846.2,556.85,3849.35,203.7,284.8,383.65,520.9
19-07-2018,369.6,1403.0,526.8,3115.0,2520.2,6296.9,398.3,345.0,285.3,610.1,261.2,2029.2,26980.65,357.8,935.75,982.1,2186.1,3451.1,197.6,284.4,1647.45,1988.4,273.3,261.2,1212.05,165.8,1888.25,1316.7,1347.4,1258.1,794.55,913.0,9389.1,154.55,161.75,177.45,1104.85,260.2,544.95,1981.4,252.5,498.65,642.2,869.85,552.0,3857.25,208.2,285.8,392.3,521.85
20-07-2018,370.05,1396.45,533.7,2839.6,2721.35,6663.95,388.85,345.4,286.0,625.8,263.5,2051.9,27048.1,359.8,939.1,999.2,2189.05,3376.95,195.65,275.4,1655.85,1973.85,274.0,265.8,1196.95,161.05,1902.55,1348.1,1333.3,1270.35,800.65,909.75,9398.95,155.65,157.95,175.8,1128.65,261.5,560.1,1996.6,253.4,503.2,659.45,860.4,549.6,3871.7,202.4,283.0,386.5,514.35
23-07-2018,383.75,1433.2,540.35,2684.15,2755.8,6923.1,389.7,358.95,286.7,634.1,261.7,2041.7,27023.45,358.8,921.4,1004.85,2156.45,3165.45,196.15,278.9,1689.65,1966.85,284.15,275.55,1197.15,162.5,1940.15,1355.95,1337.05,1279.15,800.1,910.4,9701.0,158.15,156.55,177.05,1120.3,266.35,561.75,2005.65,258.75,516.9,648.55,858.75,632.1,4009.65,211.6,276.45,386.6,514.55
24-07-2018,392.6,1467.75,546.1,2648.65,2713.35,6827.7,396.95,356.8,285.85,627.35,266.65,2077.6,27697.8,365.8,999.55,991.6,2159.75,3108.25,207.6,286.1,1667.9,1975.55,285.65,274.35,1258.2,164.95,1947.4,1377.15,1312.25,1324.0,820.95,920.4,9832.45,157.45,157.2,177.75,1110.95,266.85,562.7,1999.0,258.8,527.4,641.5,861.65,630.2,4136.8,216.25,272.95,384.35,525.25
25-07-2018,398.75,1450.15,532.25,2638.6,2705.05,6949.5,395.65,352.3,286.9,623.9,264.65,2088.2,27288.3,364.65,985.8,964.3,2170.35,3110.05,209.0,281.95,1652.95,2000.85,286.15,274.65,1307.4,163.1,1965.05,1383.75,1314.9,1320.7,796.95,910.1,9758.95,151.0,159.05,175.65,1115.15,271.85,558.15,1981.5,257.85,536.0,631.35,865.9,637.75,4044.85,218.95,274.7,382.9,521.05
26-07-2018,399.3,1433.85,541.65,2618.5,2681.65,7035.3,388.9,357.65,286.85,627.85,265.1,2132.75,28265.65,370.0,1024.2,952.6,2192.6,3136.75,206.55,276.8,1669.95,2023.4,287.2,285.65,1297.7,158.8,1960.35,1373.25,1311.25,1305.95,812.85,913.6,9396.25,153.35,162.55,181.85,1110.65,287.7,555.4,1964.7,258.25,534.85,632.05,854.5,637.5,4142.8,216.5,271.4,369.75,518.75
27-07-2018,394.65,1434.85,553.25,2686.75,2713.7,6927.2,397.2,364.7,289.45,636.2,262.15,2083.2,28946.2,378.5,1025.45,963.45,2202.15,3203.95,213.4,283.6,1659.0,2047.25,302.55,293.2,1315.85,165.4,1981.55,1373.45,1311.1,1311.45,815.25,909.85,9310.4,154.95,161.3,179.9,1129.85,286.75,557.05,1943.75,268.15,550.2,645.1,884.1,635.5,4124.65,219.75,274.5,370.0,518.65
30-07-2018,390.8,1430.2,569.65,2673.15,2678.0,6895.85,395.75,383.25,289.15,634.3,262.5,2067.2,28594.65,377.75,1020.8,947.15,2169.9,3209.95,211.25,287.6,1688.7,2028.75,301.05,307.35,1340.75,166.45,1970.2,1351.0,1305.25,1295.35,820.1,933.25,9381.9,155.9,164.1,183.2,1151.4,297.4,562.7,1944.6,267.5,553.0,655.45,892.05,642.6,4243.35,224.9,273.15,369.3,524.0
31-07-2018,399.75,1451.4,550.4,2700.05,2697.9,6977.3,389.75,390.6,286.65,641.35,261.1,2127.8,27798.55,375.15,1025.2,965.1,2179.5,3294.45,213.4,284.8,1731.65,1994.85,297.7,304.25,1297.05,164.35,1995.15,1365.1,1306.85,1302.3,824.4,935.95,9520.55,154.85,165.7,182.3,1186.0,293.5,568.5,1940.2,264.1,563.05,680.75,912.35,644.05,4193.8,222.2,276.4,367.95,527.15
01-08-2018,399.0,1437.2,545.15,2680.9,2722.8,6990.15,396.0,384.5,293.25,639.15,270.65,2175.7,27298.7,375.35,1030.35,978.65,2158.7,3280.4,208.0,287.35,1734.3,1970.15,301.6,299.3,1284.35,168.0,2001.35,1354.05,1312.7,1298.0,844.2,929.75,9341.6,155.35,167.2,184.7,1192.35,295.1,574.65,1976.5,265.05,555.8,681.1,917.35,641.85,4193.05,218.2,277.35,365.85,526.45
02-08-2018,399.15,1418.4,547.25,2678.6,2683.85,6903.35,401.8,373.0,291.15,638.5,273.55,2227.85,26960.85,377.65,1014.2,960.5,2130.2,3263.7,207.9,292.5,1748.5,1931.95,299.2,298.55,1298.55,168.7,2023.05,1353.65,1280.2,1282.4,864.85,911.3,9142.4,155.4,166.4,188.7,1168.35,293.9,580.4,1948.4,260.85,554.3,669.0,921.5,636.75,4183.5,214.15,279.1,361.8,518.4
03-08-2018,399.55,1411.85,574.75,2690.45,2681.3,6943.15,400.95,374.5,290.1,641.05,279.25,2281.05,26995.7,388.2,1006.2,963.65,2121.65,3250.55,211.6,292.6,1763.0,1977.5,303.95,305.0,1377.5,168.55,2015.85,1364.1,1309.5,1290.0,886.0,920.65,9187.0,156.45,166.8,190.2,1176.95,299.25,585.85,1979.45,258.45,554.45,662.75,919.2,641.05,4167.75,222.4,278.0,373.2,520.6
06-08-2018,397.35,1397.4,596.8,2687.9,2696.25,6919.05,401.0,385.75,287.05,637.95,283.15,2234.4,27037.5,376.35,999.4,956.5,2114.3,3297.1,216.1,294.1,1730.3,1979.3,301.8,315.1,1368.1,168.15,1999.8,1360.65,1282.8,1290.45,873.15,932.4,9286.4,156.75,169.25,189.45,1192.6,308.5,576.15,1975.55,254.05,553.25,667.1,901.65,656.1,4177.8,224.35,277.05,377.9,523.05
07-08-2018,372.3,1424.25,593.05,2686.6,2747.35,6994.2,394.1,381.9,285.9,629.45,275.4,2258.8,27523.55,374.7,1018.85,968.8,2130.9,3297.75,219.0,288.6,1730.05,1978.6,301.1,313.15,1361.4,166.65,1994.3,1367.95,1283.7,1295.3,866.6,927.0,9411.5,158.85,167.55,189.1,1184.2,304.05,569.7,1967.35,251.6,573.15,658.75,927.25,647.2,4206.7,226.8,277.45,381.65,530.55
08-08-2018,374.6,1425.75,596.3,2660.6,2813.15,7051.6,387.3,385.3,290.45,632.55,276.0,2245.5,27593.15,377.0,1009.1,964.55,2136.35,3299.05,220.6,282.7,1757.15,1984.6,300.95,318.7,1370.15,165.9,2000.65,1362.75,1288.3,1298.25,825.55,928.3,9207.4,158.25,172.5,189.5,1217.7,308.7,574.0,1974.0,255.15,577.5,653.9,935.0,647.85,4244.1,224.8,278.5,382.75,530.7
09-08-2018,378.0,1417.35,621.05,2658.6,2830.15,7075.1,388.95,367.05,293.25,619.15,280.1,2237.7,27438.75,375.55,997.35,956.65,2118.5,3281.35,227.45,280.45,1754.2,1969.95,302.5,333.0,1349.5,165.4,1985.05,1379.95,1277.25,1284.7,822.85,933.2,9146.05,160.7,168.9,192.6,1217.95,317.4,571.45,1974.35,257.85,585.95,646.2,915.3,637.75,4310.8,230.6,278.7,381.05,522.9
10-08-2018,379.3,1418.6,615.5,2629.7,2808.45,7083.85,401.6,369.8,289.9,621.05,275.8,2214.3,28997.7,362.95,971.35,966.0,2114.45,3319.4,222.7,286.15,1752.7,1974.3,304.8,328.6,1324.9,166.35,1979.5,1385.45,1285.5,1264.65,809.45,945.95,9148.25,159.55,169.25,190.55,1204.2,304.45,554.0,1993.1,250.1,576.7,645.95,920.1,636.6,4246.2,223.7,278.85,382.85,516.9
13-08-2018,377.15,1399.25,604.9,2630.85,2760.4,6945.45,379.7,370.15,285.25,628.3,279.05,2241.6,28406.6,375.45,986.85,983.0,2091.65,3308.2,221.65,273.1,1728.85,1947.0,305.95,324.9,1276.5,160.65,1993.9,1408.75,1287.15,1269.05,811.95,954.5,9080.85,158.0,166.05,188.0,1187.7,294.15,563.9,2000.15,248.7,568.8,659.95,913.65,625.4,4194.2,216.3,281.85,370.7,506.45
14-08-2018,373.15,1395.1,618.05,2646.4,2830.2,7112.7,376.65,367.0,283.9,642.75,282.65,2278.45,28992.35,379.8,986.6,999.7,2089.1,3266.35,221.45,270.05,1744.25,1941.5,307.9,332.45,1291.05,160.7,1997.6,1408.3,1293.0,1253.25,836.75,950.45,9132.6,156.9,166.25,187.9,1210.6,294.9,601.8,2003.55,248.8,578.95,672.8,925.6,610.45,4299.1,215.1,285.05,382.5,513.95
16-08-2018,370.3,1394.8,623.45,2667.5,2856.6,7076.0,378.3,372.0,280.65,648.35,282.7,2353.45,28803.85,393.8,999.45,997.25,2075.7,3282.65,216.1,266.15,1737.4,1891.2,307.45,334.3,1259.95,158.5,1984.2,1429.55,1245.4,1231.65,849.75,951.25,9200.55,158.55,164.45,187.7,1200.8,292.7,619.7,2008.5,251.3,567.55,668.65,919.45,609.65,4213.5,208.8,279.45,378.45,500.45
17-08-2018,374.1,1400.65,627.3,2661.35,2851.2,7097.35,377.6,371.4,282.55,646.9,281.4,2364.15,28476.15,387.7,1045.85,1003.05,2077.35,3242.3,219.7,267.55,1784.75,1885.65,313.75,340.0,1266.9,159.55,1990.4,1430.35,1263.25,1240.15,881.25,961.5,9152.1,158.0,163.05,187.1,1203.75,302.1,623.5,2012.75,258.25,580.15,687.7,941.55,616.75,4285.7,215.2,280.05,393.2,503.5
20-08-2018,378.25,1409.1,624.4,2735.35,2839.75,7063.6,375.95,370.55,284.8,643.85,284.05,2380.75,28382.8,379.05,1039.85,988.25,2096.2,3304.0,226.65,270.0,1777.0,1920.05,313.3,338.45,1296.2,158.65,1990.95,1384.25,1274.75,1323.7,869.25,969.55,9074.35,158.55,168.7,187.65,1234.9,307.65,626.35,2009.95,270.1,599.4,687.95,921.7,618.9,4300.7,221.85,285.05,394.0,506.15
21-08-2018,377.95,1403.3,635.75,2728.5,2871.8,7116.6,368.75,368.25,287.5,650.25,291.4,2410.95,28611.15,378.1,1065.4,1004.6,2096.05,3316.75,226.4,266.85,1752.5,1913.35,312.9,338.85,1283.2,157.7,1975.95,1383.95,1263.4,1322.55,888.6,957.8,9113.3,160.85,170.2,187.55,1247.2,307.0,635.4,2017.65,268.8,582.15,709.4,916.3,646.2,4350.2,218.85,288.95,391.35,515.15
23-08-2018,384.5,1394.75,631.75,2685.55,2893.85,7092.1,357.75,369.9,283.9,657.95,289.05,2463.6,28766.9,384.2,1045.55,1025.65,2079.9,3284.75,221.05,259.6,1772.8,1906.3,312.0,337.2,1273.85,153.4,1957.2,1397.4,1247.7,1352.05,903.3,963.1,9223.3,164.35,171.9,190.2,1269.45,302.45,639.65,2035.1,256.9,571.65,726.65,911.9,649.95,4347.25,214.8,289.75,388.6,505.6
24-08-2018,376.75,1393.5,639.9,2682.25,2916.6,7050.65,356.95,368.95,285.55,651.2,291.0,2447.45,28869.8,380.65,1060.3,1023.35,2069.85,3212.3,222.1,259.0,1780.95,1919.05,310.4,330.15,1267.25,154.25,1928.15,1378.3,1254.5,1342.9,907.2,968.3,9163.8,164.3,174.75,190.95,1277.5,300.45,629.8,2043.0,255.5,575.6,718.55,885.35,653.5,4316.0,224.05,292.15,374.2,510.35
27-08-2018,378.65,1399.8,650.2,2697.6,2950.75,7030.15,361.55,379.15,288.05,659.6,293.15,2443.1,28982.05,383.35,1078.45,1039.0,2080.45,3223.75,230.25,262.05,1792.3,1924.85,313.4,339.9,1283.45,156.1,1951.35,1415.4,1274.9,1356.1,910.8,976.45,9245.25,166.15,176.05,197.8,1291.5,308.0,621.8,2050.9,258.8,581.2,737.95,890.9,659.6,4370.8,225.5,295.85,383.0,511.2
28-08-2018,386.95,1407.5,660.05,2684.4,2932.6,6971.45,358.55,376.8,286.15,648.3,294.7,2414.5,28677.95,364.25,1072.1,1040.75,2094.85,3232.75,239.0,256.9,1771.2,1955.15,311.65,338.9,1290.8,155.55,1933.65,1424.7,1285.1,1355.6,901.75,980.5,9427.95,168.3,174.6,197.15,1319.0,305.35,621.2,2069.2,260.0,590.35,736.1,888.3,654.15,4427.65,230.3,295.6,370.6,510.7
29-08-2018,385.9,1394.0,656.9,2689.1,2985.5,6968.55,361.7,374.9,283.6,643.5,286.3,2383.85,28188.75,367.45,1075.0,1032.85,2078.5,3246.1,236.85,257.7,1755.85,1956.25,312.8,340.65,1280.6,156.5,1905.55,1410.1,1288.6,1351.55,887.1,983.85,9368.1,166.05,177.0,193.05,1294.2,309.7,621.25,2072.0,261.7,594.2,734.45,882.8,680.0,4401.95,228.05,296.75,365.15,505.0
30-08-2018,383.75,1378.7,649.75,2701.65,2926.75,6929.9,363.35,383.1,284.4,649.45,285.6,2380.15,27602.15,376.2,1074.0,1016.55,2066.1,3223.7,240.25,253.05,1772.85,1934.15,319.85,344.35,1262.3,154.25,1875.65,1416.2,1278.05,1346.55,893.65,982.95,9205.8,169.7,177.45,196.95,1274.45,308.6,639.95,2082.4,259.35,608.35,731.9,878.35,696.15,4426.4,230.0,298.95,361.75,508.7
31-08-2018,383.15,1372.45,649.25,2744.85,2856.6,6747.8,362.1,383.85,286.9,662.15,285.95,2492.0,28059.75,372.2,1067.5,1046.45,2061.2,3253.8,237.95,253.8,1780.1,1935.95,319.85,342.6,1259.25,155.55,1906.6,1441.1,1287.25,1369.55,931.45,965.3,9096.4,171.5,180.05,201.5,1241.65,309.6,652.85,2078.4,267.5,600.5,765.8,891.9,715.3,4475.5,227.7,301.25,343.5,499.95
03-09-2018,384.45,1361.6,631.8,2771.9,2724.05,6652.9,360.1,383.8,289.8,649.1,287.65,2593.4,28885.85,368.3,1065.95,1049.15,2075.05,3242.45,239.4,257.5,1699.1,1944.8,313.2,334.15,1260.05,155.0,1897.0,1434.25,1269.1,1363.0,936.1,947.8,8902.15,169.5,177.3,194.5,1229.15,306.35,656.2,2052.9,266.6,600.75,745.65,912.75,720.65,4373.55,228.45,308.35,339.05,499.6
04-09-2018,373.75,1311.3,641.8,2735.55,2746.3,6508.2,351.3,378.35,284.05,643.9,279.6,2543.1,28807.2,359.45,1023.15,1076.35,2051.8,3184.15,235.1,250.25,1651.2,1954.8,309.6,328.5,1214.25,152.45,1855.6,737.15,1257.6,1359.3,916.8,931.75,8868.5,168.1,174.35,194.45,1241.95,296.4,655.35,2098.9,261.95,593.05,763.9,880.9,698.6,4201.15,224.8,313.35,334.05,493.15
05-09-2018,379.2,1321.3,637.65,2772.3,2716.9,6503.05,349.1,372.05,271.35,646.55,277.6,2567.7,29055.0,362.0,1028.1,1078.95,2045.85,3145.4,239.95,247.8,1611.7,1937.4,310.25,329.65,1219.55,152.8,1854.85,729.9,1238.15,1348.0,902.85,929.4,8896.1,167.95,173.7,195.65,1227.0,296.55,663.75,2079.25,266.5,594.4,766.15,863.9,697.35,4159.45,229.45,318.85,343.8,482.45
06-09-2018,384.8,1314.5,638.2,2783.1,2684.1,6547.3,353.6,372.3,270.95,662.1,283.65,2566.95,28844.15,365.6,1030.9,1088.8,2052.2,3164.85,235.4,251.85,1608.6,1956.15,310.8,328.65,1211.25,153.6,1880.0,727.15,1260.9,1347.1,917.95,934.95,8759.85,168.9,174.5,199.3,1261.4,296.45,677.4,2075.3,269.95,600.3,775.05,867.15,705.05,4153.2,229.9,321.2,339.2,470.4
07-09-2018,377.45,1316.0,645.55,2923.55,2744.2,6600.1,356.95,389.6,277.35,664.75,286.55,2632.5,28682.2,377.2,1025.35,1073.95,2056.95,3329.35,242.55,253.1,1638.75,1920.0,310.45,335.1,1212.75,153.4,1875.85,732.8,1244.95,1347.5,959.4,973.7,8719.2,169.55,171.9,195.7,1278.6,291.65,664.25,2079.85,277.4,619.15,772.2,867.45,714.0,4268.2,230.25,324.7,323.4,470.4
10-09-2018,371.95,1293.1,651.75,2868.6,2615.65,6347.45,344.1,388.4,275.7,668.05,279.6,2563.9,28623.05,377.7,1016.05,1088.7,2041.15,3278.3,235.7,246.65,1610.3,1883.55,306.55,332.9,1161.25,151.05,1829.15,730.85,1223.35,1336.8,944.4,937.35,8639.4,169.2,168.65,192.95,1255.85,284.85,638.0,2080.75,275.7,613.65,766.25,857.55,703.25,4154.65,223.5,325.0,323.65,472.75
11-09-2018,364.65,1297.85,650.15,2833.7,2600.75,6362.15,338.05,378.7,270.2,654.9,283.1,2524.45,28069.6,372.15,1003.95,1085.1,2000.4,3184.2,231.6,243.7,1590.65,1868.05,297.2,326.55,1130.25,150.7,1826.5,734.3,1206.4,1329.65,940.3,943.15,8517.05,169.75,167.8,186.9,1237.7,282.6,630.4,2046.25,267.3,592.1,747.2,820.75,687.65,4107.6,219.65,323.95,316.6,466.0
12-09-2018,376.05,1291.0,635.45,2867.95,2594.0,6412.95,334.15,376.7,270.8,656.45,281.55,2529.15,28812.2,370.1,1019.6,1086.8,2011.85,3163.75,237.9,240.4,1626.85,1877.8,306.8,322.9,1145.1,149.1,1828.35,742.9,1230.4,1352.25,959.35,938.15,8493.95,170.0,168.5,193.8,1252.5,285.3,649.9,2043.95,262.4,605.55,739.8,826.45,703.65,4096.35,223.6,328.75,314.3,463.85
14-09-2018,380.1,1333.9,636.4,2877.5,2672.2,6709.65,354.5,383.6,274.6,666.4,277.35,2581.85,29383.75,369.95,1063.7,1070.7,2029.6,3186.65,245.45,252.65,1629.3,1925.45,307.15,328.35,1227.1,155.25,1872.8,733.7,1239.55,1358.85,968.75,951.9,8626.7,174.95,172.55,200.15,1253.15,290.65,665.25,2065.4,266.6,615.0,760.45,842.6,736.75,4189.1,235.6,330.2,323.1,472.05
17-09-2018,380.8,1308.65,625.95,2860.65,2604.6,6549.95,364.0,382.05,266.85,664.9,274.95,2568.5,29663.7,372.55,1065.2,1078.4,1992.2,3127.9,241.35,258.35,1605.45,1878.85,302.0,325.7,1200.85,156.55,1877.05,725.95,1230.4,1344.75,950.2,950.85,8537.8,172.25,171.7,201.9,1225.9,285.3,646.2,2074.15,260.25,616.4,767.55,823.45,723.5,4103.5,234.9,329.9,318.6,475.25
18-09-2018,379.55,1292.1,608.6,2773.8,2570.4,6527.6,355.1,373.7,266.7,663.7,273.2,2584.15,28900.35,374.8,1066.85,1083.9,1989.2,3111.45,234.15,249.4,1664.95,1855.7,303.25,318.85,1158.25,152.6,1862.15,719.1,1215.3,1327.9,929.35,946.55,8399.15,169.7,173.9,198.9,1217.15,273.8,642.5,2070.75,251.5,612.75,754.7,824.9,709.05,4059.95,230.15,332.55,323.55,464.55
19-09-2018,372.4,1291.35,608.8,2790.1,2499.55,6312.05,365.05,370.05,270.9,660.6,280.65,2607.1,28410.5,384.55,1068.2,1087.3,1961.35,3153.95,235.65,251.35,1647.1,1830.65,299.65,320.95,1159.25,153.55,1804.65,719.75,1226.9,1332.9,909.35,948.9,8210.35,169.15,177.0,198.3,1210.75,271.5,648.85,2077.9,252.6,621.2,769.95,823.6,692.3,4050.7,230.1,332.7,319.2,450.8
21-09-2018,361.75,1304.75,599.2,2799.2,2379.4,6259.7,376.5,370.5,281.2,653.2,275.25,2556.25,27940.2,390.15,1051.15,1084.9,1970.25,3175.2,240.4,258.0,1621.3,1839.4,303.95,317.1,1062.15,158.15,1762.45,705.3,1180.2,1329.7,890.25,959.9,8040.15,168.25,180.4,200.4,1217.5,270.6,634.9,2103.15,250.35,625.15,738.05,800.6,665.8,4069.35,230.45,335.2,226.5,450.85
24-09-2018,345.85,1271.95,597.35,2759.3,2260.8,6067.65,367.4,356.2,277.85,645.6,281.15,2553.95,25852.8,380.9,1019.45,1096.3,1925.7,3110.2,239.9,248.15,1590.45,1718.7,297.95,308.75,981.95,154.95,1674.2,718.25,1148.7,1318.35,860.75,896.05,7793.05,167.9,180.6,197.6,1232.05,264.35,624.0,2198.45,240.2,607.7,751.45,791.1,651.4,3974.9,229.9,332.7,226.4,448.05
25-09-2018,337.95,1289.9,614.35,2788.7,2299.2,6185.65,364.2,360.5,269.35,661.75,275.25,2611.7,25599.7,369.9,1039.1,1116.35,1952.4,3112.6,243.05,243.15,1630.85,1773.35,301.15,311.1,929.65,154.15,1696.75,726.2,1183.35,1319.05,882.55,893.0,7999.45,170.0,182.3,192.6,1230.6,270.9,641.1,2183.2,240.8,601.0,758.75,796.85,660.95,4028.7,230.4,328.3,219.7,449.4
26-09-2018,338.55,1282.0,617.45,2773.3,2315.55,6212.55,368.65,361.3,261.5,672.8,272.55,2600.85,25180.75,375.1,1044.9,1090.15,1968.2,3100.05,247.95,248.0,1610.75,1767.45,293.15,313.1,999.8,154.45,1701.8,717.85,1169.4,1332.65,891.75,893.35,7842.55,167.8,180.6,192.85,1251.4,263.85,639.85,2142.15,233.35,608.9,748.85,814.7,697.55,4067.55,241.55,319.25,223.75,448.7
27-09-2018,335.25,1287.5,600.15,2783.55,2204.2,5979.8,372.2,356.8,267.85,659.35,276.25,2541.0,24902.2,377.7,1025.5,1092.2,1976.15,3088.1,243.9,249.35,1620.1,1729.0,293.3,306.65,939.7,152.65,1682.0,724.8,1142.45,1309.9,896.35,877.45,7553.05,167.95,175.8,194.55,1253.75,265.35,631.25,2188.85,225.25,611.55,746.05,821.45,683.1,4120.4,240.65,318.95,203.25,445.3
28-09-2018,328.9,1293.3,613.25,2687.45,2168.0,6006.2,374.15,338.55,262.95,654.05,266.25,2530.65,24185.4,379.0,1021.5,1087.8,2006.05,2933.25,229.65,251.45,1608.4,1754.5,297.75,305.55,856.85,153.35,1690.05,730.05,1141.6,1272.1,900.95,860.95,7347.95,166.85,177.2,188.4,1257.95,265.5,623.25,2183.7,223.7,581.25,745.5,805.6,664.3,4059.95,232.3,324.0,183.65,438.6
01-10-2018,330.35,1279.8,593.45,2730.1,2208.5,5881.85,368.35,326.75,267.6,654.15,272.8,2508.6,24749.5,381.0,998.7,1098.4,2035.45,2973.0,242.9,243.15,1642.3,1806.35,297.1,314.0,906.1,153.95,1642.65,746.65,1122.0,1248.1,895.9,847.6,7463.95,169.6,179.0,192.4,1231.7,273.85,634.7,2255.55,229.35,583.2,759.55,809.75,665.6,3940.2,232.65,330.15,200.85,439.35
03-10-2018,329.75,1251.75,572.25,2731.4,2232.2,5752.5,377.85,318.45,251.7,654.55,276.75,2489.55,23235.75,381.75,969.5,1091.3,2031.15,2913.5,253.75,251.15,1618.85,1797.55,295.2,303.7,943.95,158.4,1638.7,728.5,1098.25,1245.45,898.05,791.6,7246.0,167.35,181.45,188.95,1205.1,271.7,620.85,2162.85,227.6,579.6,750.15,794.5,642.65,3860.3,240.1,327.5,212.75,437.7
04-10-2018,317.05,1224.7,586.25,2657.0,2179.15,5632.1,331.15,310.15,256.15,638.4,273.3,2372.45,21907.85,367.95,959.3,1077.1,1957.75,2763.5,251.85,217.15,1573.95,1778.45,287.1,316.5,950.25,140.3,1589.5,707.2,1074.5,1257.9,854.75,794.7,7198.75,166.8,172.4,189.25,1122.25,271.35,599.05,2064.8,223.25,582.3,719.85,776.7,628.75,3943.65,239.4,325.65,215.0,439.35
05-10-2018,301.8,1209.5,568.5,2543.05,2023.3,5375.65,265.3,298.6,260.2,636.65,263.0,2394.55,21190.45,332.05,922.75,1084.0,1965.3,2740.75,241.05,165.1,1558.55,1708.65,276.5,307.3,911.7,118.05,1607.35,724.6,1052.2,1227.4,838.75,769.55,6904.35,162.9,147.05,187.3,1048.85,258.35,597.95,2102.65,216.25,568.0,714.5,792.1,596.65,3793.8,231.65,325.3,206.0,422.3
08-10-2018,304.35,1247.8,556.55,2584.1,1974.85,5395.55,264.9,295.2,266.7,638.8,267.9,2340.1,22134.75,343.9,921.05,1072.1,1945.0,2873.05,222.55,179.2,1559.35,1667.7,273.2,310.85,940.15,124.85,1600.0,714.45,1104.3,1215.35,850.0,774.85,6889.75,163.45,149.8,186.65,1109.4,265.75,604.25,2077.55,212.35,559.8,694.9,813.55,619.15,3758.9,206.75,317.5,221.2,414.05
09-10-2018,318.75,1201.4,552.85,2548.85,2060.85,5429.1,257.2,289.0,266.5,639.35,273.95,2454.15,21085.7,333.5,902.05,1068.4,1940.6,2891.75,224.25,171.25,1512.45,1712.75,268.5,306.25,946.3,122.65,1607.9,717.75,1108.45,1221.05,868.9,764.8,6699.45,161.7,146.65,186.55,1090.05,262.95,609.75,2091.8,184.35,572.5,696.1,749.5,604.1,3782.0,212.1,321.65,224.65,432.8
10-10-2018,327.1,1225.95,589.2,2581.8,2270.95,5961.5,265.4,295.1,258.25,639.6,272.7,2484.6,22582.35,336.35,909.65,1051.8,1967.15,2920.1,226.9,180.7,1527.65,1736.95,270.1,319.85,978.25,124.0,1637.95,700.45,1137.75,1250.65,858.1,764.1,6985.85,164.35,148.6,187.15,1102.1,278.65,602.95,2043.6,188.75,583.65,699.3,788.55,622.45,3778.0,218.15,315.95,233.9,459.8
11-10-2018,313.5,1219.05,580.85,2525.8,2162.1,5592.0,278.15,285.35,259.75,616.2,266.6,2459.0,22357.45,350.25,878.35,1009.0,1937.55,2871.0,216.5,207.95,1526.1,1684.55,265.2,311.7,891.7,131.0,1592.55,673.35,1115.55,1225.85,836.55,730.15,6875.5,163.15,152.95,185.7,1087.8,262.15,586.7,1979.95,182.95,555.15,695.45,778.9,605.15,3688.75,207.9,313.05,240.2,463.9
12-10-2018,323.15,1261.2,584.9,2623.05,2287.35,5813.55,288.9,290.05,265.55,622.9,278.6,2450.5,23903.75,359.3,895.1,985.15,1981.85,2893.95,226.7,218.4,1569.6,1730.3,275.2,319.4,931.95,133.9,1652.7,678.8,1167.15,1235.25,846.25,768.5,7287.2,164.2,157.4,188.45,1126.55,263.75,590.6,1918.3,183.75,576.5,693.8,805.15,627.95,3795.15,214.3,316.3,246.45,466.7
15-10-2018,321.25,1250.3,576.55,2620.45,2306.2,5634.25,296.35,291.1,268.6,647.85,275.65,2566.85,23434.5,351.05,897.9,1002.95,2008.05,2881.25,231.75,212.5,1526.3,1732.9,282.5,313.35,948.9,135.05,1626.95,698.8,1170.45,1216.4,886.8,749.0,7182.0,164.65,160.15,188.1,1139.75,263.2,599.95,1949.5,184.35,570.0,694.55,807.2,635.95,3708.4,210.6,319.95,246.0,472.5
16-10-2018,333.35,1267.6,588.85,2610.5,2308.85,5657.1,302.1,294.0,266.25,639.75,276.4,2573.6,23002.15,352.3,905.5,1003.4,1992.75,2895.2,230.55,212.15,1546.2,1756.25,282.65,320.65,907.35,135.45,1620.55,695.25,1175.75,1224.65,896.45,777.7,7150.9,163.95,165.6,187.2,1163.8,270.3,602.7,1962.3,185.85,572.8,718.7,810.6,642.1,3752.7,212.45,319.05,248.9,469.75
17-10-2018,313.9,1259.0,576.05,2547.8,2150.5,5380.25,285.15,288.5,260.0,640.45,279.9,2565.0,21978.1,345.35,881.95,1024.25,1974.6,2807.55,227.75,207.3,1562.0,1737.8,286.45,314.8,788.65,132.3,1603.9,705.35,1176.0,1211.9,896.65,759.4,6885.6,162.9,162.1,189.1,1151.3,261.15,593.45,1929.4,179.95,554.65,720.5,800.1,638.25,3723.0,207.95,323.15,231.9,463.6
19-10-2018,315.35,1235.4,562.55,2510.25,2140.5,5419.2,283.55,287.3,264.45,633.8,275.15,2552.35,21625.3,344.3,874.75,958.5,1967.75,2712.75,227.0,215.9,1578.4,1660.25,289.45,315.45,653.8,133.15,1576.7,683.55,1198.95,1206.05,880.25,741.2,6756.45,161.45,160.45,189.15,1101.3,261.1,609.95,1913.2,174.7,554.95,690.8,788.7,644.35,3609.6,211.1,323.15,217.9,455.2
22-10-2018,315.4,1200.4,562.05,2556.9,2115.35,5250.2,271.15,285.75,265.25,629.65,275.5,2519.4,22425.1,342.3,857.35,980.05,1998.9,2731.8,224.0,210.6,1584.9,1658.3,288.5,327.1,713.15,129.75,1449.45,679.95,1164.0,1206.6,882.45,733.75,6812.2,164.85,155.95,189.15,1062.65,260.35,606.9,1903.0,170.75,544.75,676.55,774.8,633.65,3463.25,213.55,322.2,211.5,449.2
23-10-2018,319.0,1138.45,562.75,2586.5,2083.35,5167.75,269.55,285.9,265.5,622.35,277.35,2473.75,22258.15,340.0,825.95,951.55,1984.85,2724.25,219.5,217.9,1552.05,1686.75,286.0,322.85,734.65,130.0,1473.15,657.6,1174.45,1200.7,851.0,729.95,6771.3,165.0,155.4,190.95,1054.7,255.65,575.85,1843.65,170.65,545.6,668.25,778.2,615.35,3343.65,210.35,309.1,213.2,437.6
24-10-2018,314.15,1186.9,564.1,2475.15,2311.8,5391.45,281.55,315.85,263.25,621.3,277.25,2434.3,22624.7,342.0,809.0,980.7,1992.25,2701.65,229.85,232.75,1585.95,1741.45,287.75,322.0,743.3,137.55,1521.35,649.8,1177.1,1218.9,860.95,736.25,6768.3,163.05,157.75,190.4,1045.75,255.7,570.7,1848.5,170.65,550.05,667.4,791.6,622.8,3383.55,211.9,308.8,204.0,435.3
25-10-2018,305.6,1200.05,561.05,2477.55,2335.0,5367.65,277.0,295.55,265.0,609.0,282.2,2390.5,22092.2,339.75,784.7,1004.85,1968.8,2695.1,222.35,226.4,1571.55,1694.45,287.55,319.95,689.1,140.1,1491.1,648.75,1185.8,1201.55,851.3,733.75,6723.2,162.3,155.35,191.3,1030.8,249.55,558.75,1853.0,165.35,545.75,651.4,791.25,599.45,3347.5,204.6,318.55,198.35,432.45
26-10-2018,304.1,1190.3,537.7,2513.75,2338.9,5399.2,275.2,297.95,265.0,603.7,281.1,2404.55,21806.4,341.35,759.05,966.6,1961.2,2705.35,221.25,225.3,1558.25,1702.1,280.9,315.65,683.9,137.65,1445.8,633.6,1158.6,1197.45,855.15,728.2,6717.3,159.3,151.8,188.4,1044.9,248.1,554.05,1799.1,168.5,551.55,653.3,806.9,622.7,3386.7,203.65,320.6,180.7,421.7
29-10-2018,326.4,1196.05,566.7,2549.1,2380.45,5409.85,277.35,294.1,264.65,635.15,287.4,2532.95,21461.9,352.1,782.45,985.65,1926.3,2749.85,224.15,230.5,1552.9,1698.4,283.5,349.4,771.55,141.45,1412.8,644.75,1138.1,1261.3,888.35,749.5,6798.7,158.95,154.9,189.55,1087.8,267.9,573.6,1871.0,175.35,573.7,664.25,829.75,631.6,3441.7,211.4,329.5,181.3,431.3
30-10-2018,322.6,1196.3,562.7,2556.25,2356.35,5391.15,266.35,292.6,266.2,610.35,275.85,2594.3,21026.15,360.25,804.75,1004.85,1912.75,2773.9,223.9,219.95,1593.05,1671.9,278.95,345.7,769.15,136.3,1364.3,659.6,1123.8,1271.25,876.65,746.3,6697.0,159.4,152.95,186.15,1057.0,273.15,562.05,1894.8,177.25,564.5,685.1,830.5,636.8,3463.65,211.2,327.5,182.05,444.45
31-10-2018,318.85,1230.4,582.4,2593.7,2382.55,5404.65,275.1,292.35,269.25,629.25,266.15,2542.45,21864.6,374.25,833.55,1055.6,1911.75,2762.35,220.4,224.15,1621.7,1769.25,280.1,355.0,834.6,138.45,1425.1,686.4,1119.15,1297.5,885.45,765.95,6616.4,159.65,153.25,185.95,1061.25,281.4,580.25,1938.15,179.1,553.85,743.9,844.6,674.35,3499.4,211.15,331.2,188.1,451.1
01-11-2018,318.3,1217.8,602.15,2598.85,2418.1,5386.5,283.45,293.5,261.2,615.4,261.1,2461.6,21992.1,367.85,845.45,1008.9,1912.2,2792.25,231.25,229.5,1607.65,1762.0,277.4,353.7,850.45,141.85,1463.95,666.7,1109.55,1326.75,852.05,756.05,6711.75,157.0,154.25,188.45,1056.25,285.9,571.85,1935.75,179.45,556.6,720.7,854.45,695.9,3601.65,212.8,329.65,204.05,446.8
02-11-2018,333.6,1247.0,610.65,2657.75,2383.3,5525.3,302.35,302.05,262.3,607.1,261.55,2423.25,22674.1,369.75,847.6,1004.6,1949.45,2896.6,240.45,240.2,1638.45,1824.4,283.25,354.45,870.9,148.25,1541.8,662.25,1133.2,1358.2,849.9,783.55,7135.45,158.0,157.35,189.85,1074.9,285.35,571.85,1913.45,190.3,574.05,690.9,871.0,711.45,3730.8,225.9,318.4,209.1,441.35
05-11-2018,329.55,1244.05,624.4,2672.55,2359.4,5569.6,291.8,303.2,261.95,563.05,264.35,2420.9,22552.25,372.0,853.35,1020.75,1956.0,2847.8,242.35,233.2,1640.05,1792.9,279.6,349.65,834.1,140.3,1486.45,666.0,1129.45,1350.15,853.7,775.45,7177.25,153.5,154.95,186.05,1090.3,294.95,571.6,1890.85,189.8,577.45,696.35,863.7,724.3,3774.55,222.45,324.1,210.1,438.35
06-11-2018,325.6,1238.5,607.45,2674.6,2339.75,5591.0,285.1,305.05,262.65,530.8,265.9,2450.85,22559.65,375.15,851.0,1028.9,1946.55,2856.05,242.6,226.3,1631.95,1805.9,277.3,353.1,829.1,137.35,1475.45,666.45,1125.3,1363.85,850.95,778.4,7075.0,154.15,156.05,188.1,1104.1,286.45,579.35,1932.7,193.25,575.75,694.55,846.25,721.9,3744.4,207.4,324.9,214.45,448.2
07-11-2018,326.2,1250.95,606.85,2692.55,2348.4,5628.2,288.75,306.25,265.15,533.35,266.95,2452.95,22650.3,375.15,858.25,1031.55,1957.95,2888.55,244.05,229.6,1643.85,1815.85,280.05,355.9,831.9,138.95,1483.9,675.5,1134.3,1365.95,852.05,792.9,7127.9,154.85,157.0,189.05,1110.7,286.55,582.3,1942.15,194.85,580.25,697.25,850.15,729.6,3782.6,209.75,325.35,215.95,446.85
09-11-2018,337.6,1295.6,613.2,2693.05,2375.35,5701.4,296.85,299.75,265.85,526.95,268.45,2400.0,22495.25,367.35,868.0,1027.9,1945.4,2956.7,238.8,241.3,1672.6,1816.1,277.25,356.85,862.15,141.65,1494.9,659.5,1135.55,1368.6,854.9,795.25,7283.5,154.45,156.4,191.7,1093.45,283.25,597.45,1909.2,195.25,572.2,707.2,847.65,740.0,3817.85,209.05,324.85,227.9,450.15
12-11-2018,328.65,1278.8,606.55,2652.3,2277.6,5549.1,291.2,296.2,258.5,531.85,263.9,2415.55,21933.55,364.75,860.8,1036.8,1921.05,2839.35,229.25,225.05,1654.3,1795.9,273.85,352.35,865.25,135.05,1493.0,664.2,1153.7,1367.2,859.9,780.9,7087.8,152.8,156.05,185.95,1080.0,277.95,589.5,1914.85,186.05,582.85,724.55,894.75,733.2,3726.85,203.15,323.35,223.05,437.8
